P0001,53,1618,20
P0002,166,1528,50
P0003,53,4924,31
P0004,116,558,32
P0005,141,3829,32
P0006,140,225,32
P0007,69,3153,30
P0008,111,2100,38
P0009,151,6,34
P0010,142,1592,44
P0011,197,1063,44
P0012,93,1361,20
P0013,145,3494,20
P0014,140,1926,32
P0015,60,1626,26
P0016,151,4548,46
P0017,162,4280,26
P0018,114,2138,43
P0019,163,1181,26
P0020,140,2067,24
P0021,174,4978,44
P0022,125,4434,35
P0023,102,2231,35
P0024,130,230,25
P0025,74,2661,24
P0026,55,4358,23
P0027,103,1782,44
P0028,77,1435,20
P0029,60,930,45
P0030,109,3497,49
P0031,151,2413,21
P0032,80,2097,34
P0033,77,2779,33
P0034,78,2746,23
P0035,132,4692,22
P0036,93,1856,29
P0037,194,2476,36
P0038,117,2413,20
P0039,116,3731,27
P0040,164,1390,33
P0041,108,4114,24
P0042,172,1703,50
P0043,106,2205,39
P0044,173,3910,45
P0045,118,619,48
P0046,148,3709,43
P0047,111,3226,23
P0048,61,730,49
P0049,182,2736,26
P0050,188,4018,39
P0051,76,1302,36
P0052,189,1634,50
P0053,184,3612,46
P0054,139,1765,44
P0055,165,3686,40
P0056,179,3050,25
P0057,72,131,48
P0058,60,1486,37
P0059,115,2159,38
P0060,166,2652,50
P0061,97,4395,28
P0062,102,4569,24
P0063,69,1970,41
P0064,159,314,45
P0065,123,21,20
P0066,94,2876,37
P0067,141,2786,23
P0068,78,1126,44
P0069,176,334,48
P0070,115,2058,48
P0071,183,4350,31
P0072,57,344,36
P0073,108,3821,36
P0074,86,2281,31
P0075,109,3284,41
P0076,97,651,24
P0077,189,2635,37
P0078,158,1093,21
P0079,123,4970,26
P0080,65,1412,21
P0081,141,2643,42
P0082,159,3842,27
P0083,140,2465,31
P0084,160,2130,47
P0085,179,4368,28
P0086,156,1273,34
P0087,149,1522,44
P0088,70,3203,49
P0089,79,2471,36
P0090,81,2730,38
P0091,68,1660,39
P0092,117,3950,47
P0093,94,2389,31
P0094,124,2934,26
P0095,94,4030,23
P0096,117,2838,45
P0097,149,3287,25
P0098,200,184,47
P0099,112,2594,35
P0100,103,2036,26
P0101,58,3389,48
P0102,143,3366,28
P0103,92,3650,25
P0104,105,2593,45
P0105,162,1618,23
P0106,198,3099,31
P0107,200,2866,45
P0108,85,1701,31
P0109,131,887,23
P0110,51,1949,35
P0111,196,4024,30
P0112,120,1916,22
P0113,193,2262,23
P0114,182,1769,43
P0115,144,3469,38
P0116,131,3170,20
P0117,70,222,33
P0118,199,3675,20
P0119,103,4312,34
P0120,143,2071,25
P0121,96,2544,39
P0122,55,801,27
P0123,182,1931,29
P0124,158,3730,37
P0125,122,474,50
P0126,118,43,49
P0127,102,438,48
P0128,55,162,43
P0129,187,3434,22
P0130,108,3646,40
P0131,178,2917,25
P0132,134,3798,20
P0133,64,990,45
P0134,151,3275,41
P0135,187,981,35
P0136,161,4321,26
P0137,58,1790,49
P0138,147,3846,35
P0139,121,3931,29
P0140,195,4318,24
P0141,88,3503,22
P0142,112,4715,28
P0143,104,714,50
P0144,186,2468,42
P0145,54,789,47
P0146,107,3870,49
P0147,137,1793,39
P0148,54,2162,30
P0149,200,112,41
P0150,121,2822,20
P0151,99,3248,31
P0152,114,3103,36
P0153,130,4810,40
P0154,184,2295,30
P0155,151,3978,28
P0156,82,3783,28
P0157,158,3110,48
P0158,185,668,40
P0159,105,2187,41
P0160,176,2843,40
P0161,117,4751,32
P0162,106,659,39
P0163,110,4631,39
P0164,170,2647,44
P0165,147,2841,50
P0166,148,3117,26
P0167,77,3233,38
P0168,160,1417,22
P0169,155,715,32
P0170,196,4106,48
P0171,135,2008,20
P0172,80,4204,23
P0173,83,2593,22
P0174,96,2105,44
P0175,192,3560,25
P0176,174,954,28
P0177,133,2449,38
P0178,77,3529,20
P0179,182,2547,31
P0180,128,3428,47
P0181,182,1204,46
P0182,77,3110,41
P0183,66,4623,23
P0184,110,1260,35
P0185,75,1139,41
P0186,171,2008,24
P0187,185,2671,20
P0188,105,2433,42
P0189,172,1165,26
P0190,101,2484,35
P0191,109,3350,45
P0192,167,162,28
P0193,176,1775,33
P0194,101,2144,32
P0195,55,4784,32
P0196,151,142,36
P0197,113,4241,26
P0198,87,4452,35
P0199,105,1915,48
P0200,117,4517,44
P0201,129,4138,43
P0202,122,2748,46
P0203,184,1687,48
P0204,60,4630,25
P0205,158,4783,32
P0206,165,4988,49
P0207,61,4360,29
P0208,131,1428,21
P0209,122,540,29
P0210,91,2951,38
P0211,104,1635,41
P0212,106,308,48
P0213,141,4931,30
P0214,89,2890,25
P0215,180,4245,28
P0216,98,1838,21
P0217,133,2515,42
P0218,196,3768,31
P0219,190,3315,37
P0220,74,2939,35
P0221,128,709,33
P0222,193,2155,21
P0223,103,1943,45
P0224,149,1354,37
P0225,147,3661,27
P0226,150,2356,42
P0227,79,2343,24
P0228,160,961,36
P0229,178,4342,23
P0230,124,3374,49
P0231,133,4197,22
P0232,146,3486,38
P0233,95,598,42
P0234,73,859,35
P0235,98,991,41
P0236,114,1718,26
P0237,190,87,28
P0238,173,1814,35
P0239,155,3599,34
P0240,120,2379,47
P0241,123,3720,22
P0242,52,956,20
P0243,84,272,40
P0244,140,1099,50
P0245,186,548,25
P0246,53,3287,48
P0247,127,639,38
P0248,175,1265,44
P0249,180,1309,28
P0250,92,819,44
P0251,68,389,39
P0252,113,2698,41
P0253,157,3293,37
P0254,131,3304,47
P0255,96,983,31
P0256,191,440,48
P0257,82,3801,22
P0258,70,4071,29
P0259,152,1240,37
P0260,160,1497,33
P0261,157,3816,34
P0262,69,4439,23
P0263,116,1785,50
P0264,124,2860,33
P0265,132,3494,38
P0266,123,2239,20
P0267,119,3117,49
P0268,99,1728,35
P0269,67,769,42
P0270,118,3000,28
P0271,59,4196,38
P0272,134,3878,46
P0273,165,925,46
P0274,121,4627,48
P0275,174,2738,34
P0276,87,145,39
P0277,162,1567,29
P0278,110,3546,22
P0279,107,425,25
P0280,150,2299,29
P0281,69,624,43
P0282,116,3304,29
P0283,82,1549,29
P0284,132,3492,34
P0285,132,2362,39
P0286,136,1525,40
P0287,147,4380,49
P0288,143,806,45
P0289,196,4531,35
P0290,167,1133,45
P0291,111,4141,49
P0292,56,1414,26
P0293,50,2176,27
P0294,112,2579,48
P0295,170,4737,39
P0296,116,4284,48
P0297,197,3604,24
P0298,100,198,28
P0299,64,2847,35
P0300,189,4867,43
P0301,189,2774,29
P0302,178,3783,24
P0303,54,3014,45
P0304,104,971,36
P0305,163,2983,21
P0306,108,100,40
P0307,171,1346,28
P0308,188,4097,39
P0309,85,3404,42
P0310,97,15,36
P0311,153,2767,42
P0312,135,37,35
P0313,156,3703,32
P0314,130,863,27
P0315,73,2489,43
P0316,151,2135,21
P0317,72,1860,27
P0318,82,3151,22
P0319,91,1378,46
P0320,79,4886,30
P0321,150,1535,30
P0322,181,4589,27
P0323,103,2513,42
P0324,142,585,22
P0325,97,3339,48
P0326,149,2285,40
P0327,180,1399,45
P0328,60,864,30
P0329,187,3897,25
P0330,170,637,21
P0331,74,1784,30
P0332,97,361,28
P0333,200,4052,21
P0334,71,3612,38
P0335,83,650,34
P0336,192,3187,40
P0337,127,2565,29
P0338,157,2348,46
P0339,187,4471,28
P0340,153,4350,26
P0341,135,325,41
P0342,179,2260,44
P0343,181,332,40
P0344,120,2992,23
P0345,116,1742,21
P0346,196,3305,41
P0347,189,780,26
P0348,155,4392,42
P0349,175,4744,46
P0350,76,4215,46
P0351,160,3701,46
P0352,119,1666,42
P0353,175,1358,27
P0354,59,678,22
P0355,109,738,40
P0356,85,3907,45
P0357,117,894,30
P0358,54,474,31
P0359,179,2039,50
P0360,128,4228,34
P0361,92,4312,24
P0362,70,2002,37
P0363,170,1283,44
P0364,84,3509,44
P0365,66,758,20
P0366,170,4967,29
P0367,123,115,26
P0368,108,999,48
P0369,146,4377,38
P0370,86,2840,36
P0371,111,2463,40
P0372,90,3593,30
P0373,145,1139,26
P0374,192,3652,46
P0375,158,447,20
P0376,189,3182,46
P0377,75,1615,34
P0378,86,4066,22
P0379,177,3947,38
P0380,121,1040,23
P0381,176,367,36
P0382,51,3047,49
P0383,164,2152,33
P0384,190,3637,33
P0385,100,712,30
P0386,92,2590,33
P0387,172,3896,33
P0388,87,4471,26
P0389,156,4246,23
P0390,138,4832,48
P0391,127,1094,21
P0392,138,4827,22
P0393,149,1778,25
P0394,87,2011,41
P0395,113,1375,32
P0396,156,938,27
P0397,60,948,24
P0398,67,4863,48
P0399,155,845,33
P0400,151,4518,28
P0401,137,3405,50
P0402,128,3601,41
P0403,188,3893,37
P0404,51,4381,46
P0405,100,3032,39
P0406,111,3293,50
P0407,185,1416,46
P0408,67,4764,27
P0409,112,1668,36
P0410,168,2169,50
P0411,80,1727,39
P0412,177,1686,35
P0413,179,1619,49
P0414,104,2484,42
P0415,198,299,28
P0416,166,4759,23
P0417,78,3752,28
P0418,181,4990,41
P0419,124,2244,29
P0420,55,1637,32
P0421,91,4015,47
P0422,184,298,42
P0423,178,153,33
P0424,82,112,21
P0425,181,1931,30
P0426,96,3767,29
P0427,108,3611,48
P0428,98,3555,27
P0429,74,1372,44
P0430,133,544,45
P0431,174,1735,24
P0432,111,1853,43
P0433,99,4667,30
P0434,87,253,34
P0435,116,3536,32
P0436,67,4928,41
P0437,149,572,25
P0438,158,3176,27
P0439,140,4774,29
P0440,160,2672,46
P0441,162,1400,37
P0442,170,4570,22
P0443,179,182,46
P0444,95,1899,46
P0445,196,227,23
P0446,65,4215,37
P0447,176,231,27
P0448,74,4571,47
P0449,164,3913,50
P0450,149,298,25
P0451,71,2139,22
P0452,174,621,27
P0453,80,1558,21
P0454,185,2333,20
P0455,75,4006,49
P0456,181,1143,33
P0457,63,2683,45
P0458,171,1917,50
P0459,141,3348,49
P0460,154,1993,39
P0461,142,4014,24
P0462,105,825,29
P0463,175,805,43
P0464,97,2234,24
P0465,116,1833,25
P0466,139,4910,49
P0467,120,4669,20
P0468,181,3690,38
P0469,129,1375,39
P0470,79,571,44
P0471,73,3854,34
P0472,59,2523,23
P0473,191,3787,50
P0474,82,4230,38
P0475,129,1972,29
P0476,123,907,49
P0477,78,3400,21
P0478,182,3770,29
P0479,153,2015,38
P0480,170,656,42
P0481,99,3214,49
P0482,200,1678,25
P0483,162,4927,34
P0484,143,2194,46
P0485,60,3772,45
P0486,78,1982,38
P0487,157,2193,24
P0488,137,3020,20
P0489,200,2877,42
P0490,188,866,24
P0491,88,4483,24
P0492,80,3042,20
P0493,72,532,50
P0494,50,4820,35
P0495,79,4886,28
P0496,59,1341,46
P0497,138,1877,31
P0498,119,2840,38
P0499,194,3671,37
P0500,159,1787,49
P0501,200,1190,46
P0502,175,1047,41
P0503,145,4193,43
P0504,54,1299,32
P0505,74,2733,31
P0506,100,3670,31
P0507,105,3237,46
P0508,175,3865,25
P0509,63,4736,30
P0510,157,3727,46
P0511,191,1195,49
P0512,159,547,40
P0513,185,442,38
P0514,166,2429,35
P0515,57,4314,48
P0516,118,855,26
P0517,170,3458,41
P0518,159,2333,24
P0519,195,4622,28
P0520,59,449,27
P0521,68,4098,29
P0522,172,1131,50
P0523,104,4936,34
P0524,164,2607,41
P0525,110,423,43
P0526,91,3842,46
P0527,134,78,31
P0528,69,2997,29
P0529,124,3611,43
P0530,171,2862,22
P0531,188,3370,41
P0532,162,1366,24
P0533,169,65,29
P0534,111,2355,48
P0535,117,244,30
P0536,105,3245,31
P0537,79,2900,24
P0538,54,3867,21
P0539,70,1236,30
P0540,90,4380,50
P0541,111,3373,37
P0542,63,561,47
P0543,121,4219,26
P0544,112,1604,37
P0545,83,3776,35
P0546,153,4567,48
P0547,145,907,38
P0548,192,4029,46
P0549,80,1216,35
P0550,161,4945,39
P0551,173,1987,23
P0552,94,1436,31
P0553,170,1842,21
P0554,66,1869,27
P0555,73,3939,26
P0556,56,4577,39
P0557,118,3487,33
P0558,51,2525,35
P0559,140,4792,31
P0560,65,2023,32
P0561,195,2610,26
P0562,183,1966,23
P0563,127,3435,43
P0564,65,4701,34
P0565,155,649,45
P0566,102,4190,21
P0567,173,3777,48
P0568,183,1173,31
P0569,192,3439,39
P0570,140,4814,39
P0571,137,1703,43
P0572,133,2177,26
P0573,186,3384,41
P0574,58,1480,41
P0575,156,12,44
P0576,100,1695,42
P0577,152,1111,41
P0578,151,3188,27
P0579,93,3075,40
P0580,158,2778,28
P0581,50,2156,21
P0582,91,1937,38
P0583,197,1217,45
P0584,104,2334,46
P0585,92,697,30
P0586,133,3249,38
P0587,79,1455,40
P0588,50,740,22
P0589,133,4759,47
P0590,91,2885,29
P0591,99,124,36
P0592,118,798,29
P0593,180,2087,38
P0594,61,1486,47
P0595,193,2024,43
P0596,78,786,46
P0597,113,1204,20
P0598,138,4772,30
P0599,83,1958,33
P0600,62,714,25
P0601,169,711,41
P0602,196,443,26
P0603,58,1637,47
P0604,137,344,47
P0605,62,1627,50
P0606,113,464,48
P0607,71,1709,41
P0608,198,1006,39
P0609,114,3176,47
P0610,103,3490,43
P0611,83,3402,27
P0612,163,3292,43
P0613,143,4190,22
P0614,94,3316,35
P0615,135,407,21
P0616,81,746,37
P0617,167,2946,29
P0618,74,2501,30
P0619,149,2047,23
P0620,53,2695,43
P0621,144,2003,41
P0622,63,2765,36
P0623,79,2194,41
P0624,155,4961,48
P0625,134,1844,23
P0626,73,3202,31
P0627,108,3659,32
P0628,173,1685,50
P0629,116,20,26
P0630,164,1487,45
P0631,66,308,29
P0632,198,490,20
P0633,130,137,20
P0634,101,4509,42
P0635,102,3287,42
P0636,126,280,47
P0637,78,3168,43
P0638,111,1789,39
P0639,82,971,50
P0640,160,699,20
P0641,173,4702,49
P0642,56,1194,50
P0643,56,34,48
P0644,59,3968,50
P0645,167,3379,44
P0646,127,3843,29
P0647,155,1045,26
P0648,63,3471,42
P0649,134,882,38
P0650,50,1894,42
P0651,77,4759,22
P0652,68,1525,22
P0653,100,3509,45
P0654,192,3555,37
P0655,197,3135,33
P0656,157,3448,48
P0657,197,1804,29
P0658,77,4052,22
P0659,193,650,37
P0660,190,3455,41
P0661,170,3333,49
P0662,117,165,48
P0663,119,1622,38
P0664,123,2842,46
P0665,119,3560,38
P0666,59,1253,42
P0667,104,2590,35
P0668,82,1417,43
P0669,129,3034,23
P0670,84,686,20
P0671,128,1030,32
P0672,188,602,50
P0673,174,3385,26
P0674,136,4413,27
P0675,62,3178,35
P0676,144,4772,37
P0677,74,473,28
P0678,54,2787,27
P0679,109,1088,24
P0680,132,4632,44
P0681,118,2253,31
P0682,78,3109,47
P0683,68,1466,33
P0684,177,1504,29
P0685,146,3594,30
P0686,194,4333,27
P0687,61,3716,33
P0688,66,3291,46
P0689,72,4005,23
P0690,77,128,47
P0691,63,2135,50
P0692,87,1445,36
P0693,178,3644,47
P0694,188,4132,26
P0695,131,830,35
P0696,54,2427,47
P0697,123,4615,31
P0698,84,4815,38
P0699,121,2083,37
P0700,56,3084,40
P0701,200,1050,42
P0702,63,4688,49
P0703,126,2458,36
P0704,125,4258,31
P0705,81,2217,28
P0706,120,2377,41
P0707,96,242,27
P0708,81,4646,49
P0709,103,1379,33
P0710,102,1189,45
P0711,121,1675,28
P0712,89,2300,49
P0713,170,2163,34
P0714,187,2748,50
P0715,133,2619,44
P0716,158,4031,23
P0717,59,2148,32
P0718,129,3810,31
P0719,56,1671,34
P0720,131,1191,30
P0721,135,1966,48
P0722,130,2664,50
P0723,142,729,37
P0724,102,1207,43
P0725,127,4354,33
P0726,124,3146,34
P0727,93,173,43
P0728,195,1279,46
P0729,151,697,33
P0730,131,3934,48
P0731,186,1992,23
P0732,96,3370,36
P0733,53,121,31
P0734,132,2448,21
P0735,62,4848,32
P0736,77,3731,47
P0737,144,4005,47
P0738,91,4652,47
P0739,163,3176,47
P0740,135,3749,45
P0741,162,3195,50
P0742,90,1640,20
P0743,160,2838,20
P0744,107,4517,46
P0745,90,883,30
P0746,156,1663,28
P0747,157,4989,44
P0748,162,720,46
P0749,165,2987,25
P0750,180,1842,22
P0751,84,3826,20
P0752,170,1991,29
P0753,55,340,24
P0754,65,1048,42
P0755,199,2385,43
P0756,198,3916,25
P0757,148,2866,25
P0758,116,4386,45
P0759,104,4348,25
P0760,120,2554,46
P0761,91,1375,39
P0762,82,1273,22
P0763,157,3296,31
P0764,175,4320,39
P0765,172,3047,48
P0766,91,3449,28
P0767,174,1834,28
P0768,56,4840,48
P0769,122,3984,40
P0770,161,302,42
P0771,110,3258,28
P0772,164,4120,34
P0773,100,3430,42
P0774,193,3096,38
P0775,94,4645,49
P0776,126,1980,46
P0777,176,2842,50
P0778,195,3054,36
P0779,174,1516,48
P0780,119,4152,46
P0781,55,4815,38
P0782,186,199,22
P0783,117,4344,38
P0784,157,4339,41
P0785,126,2584,45
P0786,102,3964,41
P0787,61,1860,34
P0788,90,1708,35
P0789,189,2406,22
P0790,76,2549,49
P0791,190,1859,45
P0792,139,363,28
P0793,140,1491,20
P0794,74,889,32
P0795,129,1442,42
P0796,133,237,27
P0797,81,2390,48
P0798,58,2258,24
P0799,98,427,32
P0800,186,1673,47
P0801,128,2665,34
P0802,118,3871,46
P0803,126,2639,35
P0804,134,2147,35
P0805,122,1101,35
P0806,184,120,48
P0807,86,1603,28
P0808,115,1129,20
P0809,138,2240,49
P0810,200,3074,27
P0811,60,2358,32
P0812,116,1665,36
P0813,144,3038,35
P0814,109,2226,20
P0815,192,2036,34
P0816,156,4194,23
P0817,165,443,41
P0818,164,2601,23
P0819,123,1843,23
P0820,175,4166,37
P0821,191,3280,47
P0822,108,896,32
P0823,96,406,47
P0824,167,3966,39
P0825,198,563,21
P0826,91,1031,34
P0827,109,1712,25
P0828,89,445,20
P0829,134,1171,46
P0830,126,4140,29
P0831,167,3489,22
P0832,149,4818,44
P0833,102,4060,47
P0834,76,2030,26
P0835,154,3359,50
P0836,158,4920,39
P0837,177,3150,50
P0838,91,2682,47
P0839,70,3962,24
P0840,82,3138,30
P0841,62,1906,36
P0842,103,2448,43
P0843,200,759,43
P0844,146,863,46
P0845,156,2504,20
P0846,198,3028,31
P0847,174,160,32
P0848,158,3899,27
P0849,91,3302,26
P0850,188,3450,32
P0851,180,103,21
P0852,153,3622,31
P0853,173,1007,33
P0854,91,3836,33
P0855,197,1319,20
P0856,146,4845,21
P0857,89,2585,24
P0858,86,4193,40
P0859,158,883,49
P0860,68,3422,39
P0861,107,3098,38
P0862,53,347,40
P0863,100,1869,45
P0864,117,240,41
P0865,159,2714,31
P0866,69,4157,27
P0867,194,1633,29
P0868,194,3816,40
P0869,191,1433,27
P0870,195,1803,37
P0871,154,4809,26
P0872,54,3794,36
P0873,146,3592,41
P0874,106,1269,35
P0875,95,308,20
P0876,132,1112,25
P0877,83,3611,28
P0878,110,1157,42
P0879,146,1846,35
P0880,60,3117,23
P0881,97,2090,45
P0882,55,48,27
P0883,88,1478,35
P0884,186,2402,30
P0885,188,1442,32
P0886,112,1483,36
P0887,117,3514,38
P0888,140,244,38
P0889,54,4631,29
P0890,138,709,29
P0891,113,1741,22
P0892,86,674,23
P0893,143,3094,45
P0894,106,2741,32
P0895,64,1746,34
P0896,139,4580,46
P0897,96,1714,24
P0898,81,4018,25
P0899,125,1479,23
P0900,56,360,27
P0901,160,4455,47
P0902,159,2410,43
P0903,168,80,33
P0904,170,510,22
P0905,172,1397,48
P0906,165,4430,44
P0907,139,3419,45
P0908,58,2834,50
P0909,81,3612,36
P0910,60,298,29
P0911,164,4641,34
P0912,178,1550,48
P0913,173,3794,31
P0914,150,3756,44
P0915,80,2970,36
P0916,177,4498,24
P0917,160,2508,49
P0918,172,2641,42
P0919,138,326,32
P0920,162,2909,46
P0921,163,2921,28
P0922,140,1624,39
P0923,52,373,20
P0924,104,3458,43
P0925,100,3031,47
P0926,69,4888,40
P0927,192,2175,40
P0928,174,1011,46
P0929,115,1043,43
P0930,107,3744,20
P0931,94,3249,30
P0932,147,485,41
P0933,101,253,30
P0934,177,2245,39
P0935,131,4907,21
P0936,153,4995,31
P0937,146,4635,33
P0938,126,1671,24
P0939,83,2729,26
P0940,56,4165,47
P0941,79,2386,31
P0942,198,1271,27
P0943,128,4381,46
P0944,122,3017,28
P0945,174,4620,41
P0946,74,2196,20
P0947,86,2356,47
P0948,189,569,42
P0949,86,668,29
P0950,193,1390,40
P0951,96,385,50
P0952,176,816,29
P0953,170,3587,36
P0954,116,3976,37
P0955,199,4130,46
P0956,161,2673,27
P0957,97,2641,35
P0958,170,3345,31
P0959,130,2231,46
P0960,114,850,41
P0961,193,3980,40
P0962,127,1649,44
P0963,73,2753,48
P0964,164,82,25
P0965,147,308,36
P0966,161,2786,25
P0967,138,4257,49
P0968,83,2339,21
P0969,71,771,46
P0970,115,3999,43
P0971,132,931,23
P0972,60,2337,26
P0973,199,4464,40
P0974,68,4380,44
P0975,82,479,26
P0976,195,1125,31
P0977,104,779,37
P0978,168,1970,46
P0979,80,413,34
P0980,194,3262,25
P0981,68,1519,29
P0982,197,2883,41
P0983,154,2170,34
P0984,192,1435,22
P0985,74,4701,26
P0986,86,2577,25
P0987,74,4394,41
P0988,95,2257,28
P0989,142,665,50
P0990,188,4520,26
P0991,104,2450,38
P0992,56,4538,27
P0993,101,1056,26
P0994,116,387,48
P0995,108,667,47
P0996,111,3807,37
P0997,89,4047,20
P0998,152,2063,33
P0999,171,2634,41
P1000,161,2388,32
P1001,95,1036,36
P1002,104,463,31
P1003,149,552,43
P1004,89,1120,50
P1005,96,2504,50
P1006,97,1048,49
P1007,105,4182,35
P1008,123,214,33
P1009,114,3129,21
P1010,150,2216,34
P1011,136,3796,38
P1012,129,21,27
P1013,160,4293,27
P1014,67,2183,24
P1015,61,1725,23
P1016,173,753,32
P1017,138,1368,36
P1018,124,707,20
P1019,134,2683,22
P1020,107,3704,40
P1021,193,1485,30
P1022,199,102,46
P1023,155,1683,40
P1024,54,3074,37
P1025,111,2679,29
P1026,112,4586,27
P1027,189,1982,41
P1028,89,3761,31
P1029,112,4589,42
P1030,148,4019,37
P1031,50,2377,49
P1032,136,2928,45
P1033,147,3297,28
P1034,160,1347,34
P1035,115,950,27
P1036,66,3847,26
P1037,99,2624,32
P1038,82,9,23
P1039,128,3893,22
P1040,69,3854,23
P1041,200,3755,30
P1042,95,809,44
P1043,161,480,26
P1044,50,31,36
P1045,89,625,25
P1046,80,1349,44
P1047,76,1007,21
P1048,189,4990,44
P1049,115,2897,31
P1050,181,4793,35
P1051,197,3260,44
P1052,140,1642,47
P1053,94,2731,43
P1054,50,1200,24
P1055,188,4755,30
P1056,54,3562,30
P1057,173,1883,39
P1058,197,3739,21
P1059,51,3474,32
P1060,92,4739,44
P1061,183,4707,49
P1062,162,3812,34
P1063,118,2078,20
P1064,168,1493,44
P1065,109,4741,31
P1066,117,224,31
P1067,195,333,42
P1068,95,4178,28
P1069,119,4378,25
P1070,73,2727,22
P1071,164,2785,26
P1072,68,3601,39
P1073,80,2391,39
P1074,180,665,34
P1075,96,2964,28
P1076,112,2339,34
P1077,111,1206,44
P1078,167,4367,35
P1079,178,981,42
P1080,55,3176,31
P1081,173,2995,50
P1082,79,4296,35
P1083,82,1336,23
P1084,153,3741,38
P1085,149,1833,30
P1086,186,2328,43
P1087,53,1533,31
P1088,136,4024,34
P1089,86,2882,48
P1090,181,3779,31
P1091,83,658,31
P1092,142,916,39
P1093,173,3784,49
P1094,74,2701,29
P1095,199,626,42
P1096,120,3284,44
P1097,113,2322,28
P1098,60,2035,37
P1099,50,1668,35
P1100,159,2664,36
P1101,187,4826,27
P1102,68,3808,21
P1103,166,1524,32
P1104,80,2267,24
P1105,57,2905,35
P1106,110,514,41
P1107,96,4772,39
P1108,175,2298,21
P1109,73,1947,30
P1110,136,1970,36
P1111,94,852,46
P1112,111,4051,40
P1113,101,2221,49
P1114,104,3557,38
P1115,87,2775,21
P1116,101,3058,36
P1117,68,2737,32
P1118,102,3697,33
P1119,183,2372,30
P1120,161,473,35
P1121,103,387,47
P1122,69,4630,33
P1123,164,4209,22
P1124,135,1174,40
P1125,126,1952,38
P1126,82,1937,33
P1127,114,211,40
P1128,188,216,40
P1129,189,4546,22
P1130,92,542,44
P1131,53,2280,21
P1132,152,935,39
P1133,179,4821,22
P1134,107,4162,22
P1135,193,3976,38
P1136,114,1578,39
P1137,88,3384,45
P1138,105,4990,26
P1139,139,3393,47
P1140,157,2753,40
P1141,70,4296,41
P1142,143,4646,21
P1143,120,4991,45
P1144,140,4868,33
P1145,146,1035,42
P1146,151,551,42
P1147,160,1119,44
P1148,161,1168,32
P1149,58,2491,48
P1150,50,4367,26
P1151,200,3575,37
P1152,137,61,48
P1153,53,4353,42
P1154,64,4776,50
P1155,161,704,21
P1156,132,4844,23
P1157,77,837,46
P1158,183,2425,41
P1159,81,810,29
P1160,84,3357,35
P1161,153,3482,43
P1162,94,2425,20
P1163,142,4938,22
P1164,118,4823,29
P1165,73,1556,22
P1166,193,2933,30
P1167,126,546,31
P1168,126,1951,49
P1169,150,293,30
P1170,164,2493,47
P1171,191,1594,32
P1172,142,4977,38
P1173,70,2124,45
P1174,143,4914,42
P1175,122,2589,48
P1176,178,1847,22
P1177,196,432,34
P1178,166,3443,28
P1179,126,3281,20
P1180,171,3516,22
P1181,81,4365,24
P1182,108,2948,41
P1183,93,2575,39
P1184,148,1813,50
P1185,86,1647,21
P1186,91,1918,47
P1187,157,1911,26
P1188,181,2978,37
P1189,60,3297,31
P1190,66,1172,26
P1191,123,4543,38
P1192,62,4558,37
P1193,143,1012,41
P1194,168,4453,31
P1195,183,2953,37
P1196,149,3403,41
P1197,63,1964,20
P1198,82,2767,38
P1199,118,2782,44
P1200,135,2201,35
P1201,198,1644,27
P1202,84,3626,40
P1203,151,4999,32
P1204,130,3540,22
P1205,175,39,31
P1206,169,1842,20
P1207,107,251,24
P1208,116,210,25
P1209,129,4726,37
P1210,57,4615,43
P1211,179,1294,33
P1212,100,1828,39
P1213,186,3481,41
P1214,107,3955,37
P1215,163,1675,29
P1216,50,709,23
P1217,170,193,31
P1218,168,2315,30
P1219,88,2301,38
P1220,166,725,36
P1221,100,1679,30
P1222,62,1668,30
P1223,97,3459,36
P1224,164,3712,25
P1225,95,4394,34
P1226,175,3978,31
P1227,166,3853,24
P1228,134,4790,27
P1229,111,356,25
P1230,118,890,24
P1231,63,182,21
P1232,115,572,25
P1233,64,2237,29
P1234,72,1178,46
P1235,59,3547,33
P1236,112,1091,39
P1237,194,4101,47
P1238,136,1337,29
P1239,89,3630,29
P1240,50,1898,22
P1241,138,2629,41
P1242,153,2235,24
P1243,149,3038,39
P1244,84,2946,43
P1245,107,1524,22
P1246,126,682,25
P1247,129,2971,44
P1248,95,1539,36
P1249,179,1877,41
P1250,67,4363,40
P1251,79,3296,24
P1252,173,1800,25
P1253,165,3566,42
P1254,86,2646,50
P1255,175,3696,21
P1256,185,296,22
P1257,123,3640,23
P1258,80,347,34
P1259,141,2997,46
P1260,88,4990,48
P1261,50,4989,47
P1262,61,4469,29
P1263,96,3553,47
P1264,157,2085,21
P1265,177,3937,38
P1266,59,665,21
P1267,112,747,49
P1268,144,3206,25
P1269,111,3184,30
P1270,152,2229,41
P1271,149,3359,25
P1272,100,3766,46
P1273,170,1552,39
P1274,150,739,29
P1275,156,4225,35
P1276,134,1945,46
P1277,68,1492,44
P1278,122,2063,23
P1279,161,26,37
P1280,70,3498,23
P1281,128,3037,42
P1282,80,1193,25
P1283,182,1097,33
P1284,161,3037,29
P1285,146,2564,47
P1286,96,4088,50
P1287,173,4135,25
P1288,172,815,27
P1289,172,3600,37
P1290,180,3637,34
P1291,51,3782,29
P1292,79,4144,36
P1293,114,633,21
P1294,84,2235,45
P1295,98,837,31
P1296,70,2213,21
P1297,139,3813,45
P1298,112,2913,37
P1299,108,3271,32
P1300,71,3540,42
P1301,147,1419,35
P1302,188,4898,28
P1303,109,3460,36
P1304,165,4373,44
P1305,99,3864,36
P1306,148,1592,30
P1307,80,1678,22
P1308,110,3804,34
P1309,151,3022,50
P1310,71,3235,44
P1311,173,2710,39
P1312,114,2630,36
P1313,186,856,36
P1314,157,2816,28
P1315,94,3399,41
P1316,91,781,37
P1317,126,3163,48
P1318,82,1527,26
P1319,136,1045,49
P1320,105,2795,25
P1321,133,1226,24
P1322,159,681,46
P1323,126,1761,49
P1324,130,4367,23
P1325,139,4395,35
P1326,82,3180,44
P1327,169,1611,28
P1328,181,3355,31
P1329,91,1089,39
P1330,143,45,45
P1331,131,3292,30
P1332,167,4710,25
P1333,89,4572,47
P1334,180,3548,47
P1335,133,242,50
P1336,66,3172,21
P1337,103,988,20
P1338,159,4298,41
P1339,179,4604,44
P1340,88,1677,24
P1341,110,3182,41
P1342,81,4986,28
P1343,161,3433,23
P1344,185,2006,38
P1345,198,1087,46
P1346,97,764,35
P1347,91,2914,48
P1348,187,3903,41
P1349,103,3234,50
P1350,135,3348,25
P1351,126,3491,27
P1352,119,2864,46
P1353,158,1571,45
P1354,109,542,41
P1355,168,2077,44
P1356,111,4157,34
P1357,66,1525,41
P1358,90,1638,23
P1359,189,269,49
P1360,74,2872,25
P1361,150,2550,27
P1362,102,3042,29
P1363,137,3834,38
P1364,178,104,49
P1365,188,4213,43
P1366,189,2796,42
P1367,130,4014,37
P1368,86,1456,49
P1369,113,135,39
P1370,137,1405,49
P1371,160,52,43
P1372,106,3111,47
P1373,153,3505,48
P1374,199,849,49
P1375,133,2801,23
P1376,146,3489,49
P1377,198,3497,28
P1378,98,902,26
P1379,183,1964,35
P1380,64,3162,37
P1381,142,248,44
P1382,195,466,48
P1383,152,4275,33
P1384,185,4878,39
P1385,102,4651,28
P1386,112,3430,29
P1387,195,2237,38
P1388,142,3760,47
P1389,86,4117,22
P1390,166,3648,39
P1391,57,3334,29
P1392,80,2182,26
P1393,51,3175,49
P1394,82,2886,27
P1395,76,2474,27
P1396,52,249,46
P1397,73,3588,26
P1398,171,2925,43
P1399,103,1019,34
P1400,65,3881,45
P1401,82,2172,21
P1402,189,1756,26
P1403,162,252,43
P1404,137,1443,25
P1405,119,1089,33
P1406,56,2453,34
P1407,102,2863,44
P1408,137,188,48
P1409,67,3744,23
P1410,166,3205,25
P1411,119,4016,39
P1412,71,4434,50
P1413,53,4086,22
P1414,90,2371,46
P1415,144,5003,38
P1416,98,4515,31
P1417,197,59,23
P1418,195,4718,37
P1419,124,4135,22
P1420,117,4686,30
P1421,183,2770,49
P1422,163,330,46
P1423,174,2647,49
P1424,57,4177,29
P1425,109,4565,48
P1426,178,4077,36
P1427,179,2218,36
P1428,83,266,40
P1429,83,1099,48
P1430,95,2492,22
P1431,170,3540,50
P1432,73,2573,49
P1433,183,56,47
P1434,90,4774,28
P1435,199,4044,49
P1436,113,362,42
P1437,139,1150,39
P1438,102,4877,31
P1439,102,1306,21
P1440,148,3156,48
P1441,167,2350,27
P1442,76,2683,43
P1443,51,2154,41
P1444,199,610,26
P1445,177,1170,49
P1446,103,834,35
P1447,107,3193,21
P1448,163,210,49
P1449,189,45,28
P1450,184,2909,41
P1451,124,4738,39
P1452,178,4950,49
P1453,186,1699,23
P1454,163,990,26
P1455,78,4954,28
P1456,188,2333,22
P1457,183,687,49
P1458,91,3509,20
P1459,175,2723,47
P1460,162,1646,34
P1461,83,705,40
P1462,104,4926,22
P1463,147,3422,36
P1464,102,4970,28
P1465,61,54,41
P1466,105,4081,32
P1467,51,965,40
P1468,187,2279,44
P1469,63,3004,22
P1470,187,1958,48
P1471,119,270,34
P1472,74,3170,50
P1473,53,3767,49
P1474,147,2004,37
P1475,112,4815,27
P1476,131,2363,43
P1477,156,1842,50
P1478,170,3163,47
P1479,109,327,39
P1480,183,2428,24
P1481,172,4451,22
P1482,126,2602,40
P1483,149,78,26
P1484,192,2391,30
P1485,185,4764,31
P1486,168,2604,33
P1487,89,2413,40
P1488,107,982,26
P1489,100,4099,40
P1490,178,1462,50
P1491,101,4625,33
P1492,167,2755,48
P1493,173,370,28
P1494,141,2844,28
P1495,117,563,44
P1496,152,226,43
P1497,109,4207,35
P1498,83,4326,26
P1499,124,2579,23
P1500,153,1144,23
P1501,145,4224,38
P1502,187,4601,45
P1503,170,2557,35
P1504,179,4115,49
P1505,127,2389,32
P1506,76,961,43
P1507,94,4210,43
P1508,68,1240,47
P1509,168,2942,31
P1510,145,2678,25
P1511,120,722,25
P1512,192,378,24
P1513,185,3933,41
P1514,91,3598,33
P1515,100,1857,23
P1516,181,967,26
P1517,188,3579,25
P1518,55,629,43
P1519,190,4974,43
P1520,62,3724,21
P1521,119,680,41
P1522,154,2057,38
P1523,178,3554,38
P1524,121,4271,38
P1525,140,1801,43
P1526,135,3620,47
P1527,168,634,48
P1528,52,4492,44
P1529,152,2199,42
P1530,84,4187,29
P1531,56,4905,23
P1532,141,460,39
P1533,181,4362,42
P1534,65,3423,27
P1535,200,3032,41
P1536,86,1694,30
P1537,130,3434,28
P1538,132,4003,35
P1539,107,679,44
P1540,121,4663,26
P1541,60,3325,50
P1542,66,2274,47
P1543,87,3098,44
P1544,176,3434,29
P1545,198,60,29
P1546,115,3783,31
P1547,64,2364,37
P1548,73,1010,48
P1549,60,1983,45
P1550,143,3973,22
P1551,105,1072,37
P1552,69,3704,38
P1553,108,1212,23
P1554,131,2915,36
P1555,186,4033,41
P1556,63,2952,32
P1557,136,736,47
P1558,124,2277,25
P1559,179,2484,41
P1560,80,4512,31
P1561,83,2287,48
P1562,140,1099,41
P1563,180,2914,34
P1564,185,2797,45
P1565,96,3176,29
P1566,84,2480,42
P1567,177,1445,27
P1568,145,2924,21
P1569,163,3064,24
P1570,92,1490,48
P1571,103,1296,41
P1572,125,2896,33
P1573,52,3389,34
P1574,106,830,34
P1575,146,66,36
P1576,164,2595,30
P1577,102,1870,47
P1578,162,2479,33
P1579,185,2883,35
P1580,129,953,48
P1581,143,809,29
P1582,83,4788,37
P1583,88,2315,39
P1584,153,2188,34
P1585,127,2723,33
P1586,68,3835,37
P1587,187,575,20
P1588,99,2286,35
P1589,196,939,31
P1590,95,348,28
P1591,80,4245,38
P1592,144,2413,41
P1593,66,2885,23
P1594,118,621,20
P1595,106,4034,48
P1596,78,767,45
P1597,81,2937,37
P1598,183,1839,21
P1599,135,4047,36
P1600,150,1909,29
P1601,66,4652,39
P1602,59,3656,23
P1603,57,971,24
P1604,190,1771,23
P1605,179,2323,27
P1606,151,228,44
P1607,156,2294,30
P1608,78,588,27
P1609,67,1208,48
P1610,59,1032,42
P1611,192,2290,21
P1612,158,191,26
P1613,132,159,32
P1614,129,980,43
P1615,73,3411,20
P1616,113,2036,47
P1617,103,2273,23
P1618,192,3026,46
P1619,91,2874,23
P1620,74,2007,38
P1621,52,563,30
P1622,174,1622,42
P1623,170,3035,40
P1624,120,2268,43
P1625,155,4272,30
P1626,193,1531,27
P1627,145,4110,27
P1628,190,4278,30
P1629,73,4405,44
P1630,103,1539,24
P1631,52,3534,20
P1632,172,4569,37
P1633,164,2193,35
P1634,70,1273,46
P1635,139,4207,32
P1636,195,3775,30
P1637,69,4336,29
P1638,92,2363,40
P1639,113,1324,25
P1640,69,1578,35
P1641,132,2929,26
P1642,197,3321,38
P1643,142,2221,40
P1644,105,22,22
P1645,195,4989,28
P1646,160,1046,36
P1647,98,449,21
P1648,175,2229,35
P1649,117,943,28
P1650,171,2988,23
P1651,67,3596,21
P1652,63,1859,44
P1653,125,2059,49
P1654,111,4794,20
P1655,186,123,29
P1656,153,3059,49
P1657,136,3532,48
P1658,53,4774,39
P1659,125,978,28
P1660,165,4243,33
P1661,144,4848,44
P1662,129,988,48
P1663,92,3635,24
P1664,193,3939,24
P1665,141,3409,21
P1666,165,1343,26
P1667,132,114,25
P1668,117,3046,22
P1669,117,3286,33
P1670,84,296,50
P1671,127,542,36
P1672,100,1779,32
P1673,113,2083,24
P1674,76,2791,49
P1675,83,585,46
P1676,92,497,31
P1677,197,3796,24
P1678,53,2194,32
P1679,127,4097,27
P1680,175,3479,48
P1681,68,4962,34
P1682,123,4118,33
P1683,139,1235,38
P1684,153,3747,32
P1685,123,3848,43
P1686,93,358,49
P1687,86,2716,23
P1688,52,4730,48
P1689,109,3068,50
P1690,186,337,31
P1691,156,4028,20
P1692,61,3401,46
P1693,80,1026,40
P1694,164,4721,44
P1695,130,1970,30
P1696,188,4457,39
P1697,101,171,47
P1698,108,1375,45
P1699,117,3077,31
P1700,94,2146,20
P1701,196,842,29
P1702,161,3873,41
P1703,128,247,43
P1704,162,3815,47
P1705,52,2402,50
P1706,50,1658,40
P1707,121,3011,23
P1708,66,764,23
P1709,189,2160,26
P1710,117,3801,23
P1711,67,2338,23
P1712,91,891,34
P1713,133,2668,48
P1714,101,3354,47
P1715,104,3757,26
P1716,68,12,45
P1717,156,4700,26
P1718,121,1878,30
P1719,144,362,24
P1720,115,2579,32
P1721,52,898,41
P1722,140,3191,36
P1723,171,1622,34
P1724,95,4624,29
P1725,99,2419,47
P1726,135,2234,34
P1727,172,3708,49
P1728,157,932,27
P1729,159,3522,49
P1730,81,2574,46
P1731,101,216,33
P1732,173,267,35
P1733,188,3524,30
P1734,161,4921,47
P1735,114,3917,41
P1736,53,499,43
P1737,178,4382,34
P1738,115,502,34
P1739,160,2004,20
P1740,106,4664,42
P1741,138,1655,43
P1742,140,974,41
P1743,104,280,36
P1744,91,1849,26
P1745,182,4684,41
P1746,198,1451,21
P1747,130,3673,24
P1748,177,3817,42
P1749,91,1669,48
P1750,124,1358,31
P1751,127,4502,21
P1752,172,4493,44
P1753,97,4029,23
P1754,140,2487,27
P1755,64,1116,26
P1756,110,1698,31
P1757,189,3680,50
P1758,106,1588,34
P1759,103,4441,29
P1760,155,797,50
P1761,61,248,34
P1762,120,744,32
P1763,51,2419,47
P1764,163,234,27
P1765,66,541,44
P1766,173,235,30
P1767,97,1437,23
P1768,188,1778,20
P1769,187,1381,22
P1770,166,1485,33
P1771,135,2040,29
P1772,54,4425,21
P1773,162,4137,36
P1774,111,1976,37
P1775,176,1143,24
P1776,86,2589,48
P1777,121,552,23
P1778,188,2124,28
P1779,100,3349,24
P1780,55,476,47
P1781,78,4094,45
P1782,177,3930,47
P1783,119,4175,33
P1784,109,3463,44
P1785,182,176,40
P1786,124,332,23
P1787,96,4113,20
P1788,163,2905,22
P1789,180,3161,24
P1790,99,2539,31
P1791,150,1780,44
P1792,156,1326,29
P1793,199,29,50
P1794,101,788,34
P1795,160,4576,25
P1796,114,1425,26
P1797,157,2162,25
P1798,78,3477,48
P1799,87,1661,46
P1800,139,566,23
P1801,186,2916,33
P1802,141,984,43
P1803,128,2259,46
P1804,67,4182,35
P1805,119,797,49
P1806,51,1886,25
P1807,169,324,47
P1808,55,1451,28
P1809,151,2345,37
P1810,101,3886,25
P1811,192,3216,37
P1812,92,1062,21
P1813,51,4828,24
P1814,187,36,44
P1815,175,54,47
P1816,121,3660,49
P1817,143,1989,34
P1818,134,298,48
P1819,64,2713,26
P1820,110,2143,49
P1821,169,2367,30
P1822,101,300,20
P1823,122,2017,26
P1824,76,2981,38
P1825,155,4337,30
P1826,138,2424,47
P1827,54,3078,31
P1828,109,3276,23
P1829,140,2830,39
P1830,70,821,26
P1831,146,4762,48
P1832,166,927,24
P1833,113,1518,45
P1834,106,3870,21
P1835,151,4488,34
P1836,136,3805,43
P1837,95,154,29
P1838,161,1946,33
P1839,195,3277,32
P1840,77,427,36
P1841,105,3098,34
P1842,74,997,26
P1843,131,453,35
P1844,144,2272,27
P1845,84,1109,46
P1846,107,605,37
P1847,77,401,25
P1848,93,3086,37
P1849,78,33,35
P1850,128,773,37
P1851,188,1680,28
P1852,85,913,50
P1853,159,3854,38
P1854,59,4001,45
P1855,199,185,33
P1856,191,4272,47
P1857,50,3286,22
P1858,62,4996,44
P1859,167,3423,29
P1860,145,107,24
P1861,54,402,36
P1862,121,3023,21
P1863,93,87,36
P1864,77,4214,36
P1865,167,611,22
P1866,177,2912,46
P1867,95,3355,40
P1868,56,3800,33
P1869,124,3312,30
P1870,149,238,49
P1871,76,3574,23
P1872,132,200,50
P1873,110,3692,20
P1874,168,1429,32
P1875,55,3679,28
P1876,124,977,40
P1877,140,4596,33
P1878,162,4506,31
P1879,82,1790,38
P1880,127,1743,23
P1881,86,3508,48
P1882,131,70,30
P1883,191,188,46
P1884,136,2338,30
P1885,145,701,37
P1886,189,59,50
P1887,87,437,43
P1888,86,3434,29
P1889,118,740,42
P1890,74,1227,36
P1891,112,3886,47
P1892,166,1474,34
P1893,150,4675,38
P1894,200,2447,27
P1895,104,534,37
P1896,152,3674,20
P1897,64,2379,44
P1898,71,684,41
P1899,150,410,34
P1900,185,4759,34
P1901,161,536,36
P1902,179,3510,37
P1903,174,4639,38
P1904,116,1468,39
P1905,76,3388,36
P1906,176,121,43
P1907,187,668,44
P1908,195,471,48
P1909,188,3682,22
P1910,148,3429,33
P1911,132,790,41
P1912,194,1179,45
P1913,137,1823,24
P1914,173,1465,43
P1915,155,4907,48
P1916,195,4086,35
P1917,103,575,48
P1918,73,2819,36
P1919,76,1294,33
P1920,138,3052,39
P1921,157,700,38
P1922,54,3378,39
P1923,65,3035,27
P1924,177,753,38
P1925,142,4357,33
P1926,189,3537,45
P1927,126,4354,34
P1928,76,871,49
P1929,158,4529,48
P1930,108,3870,44
P1931,51,2534,21
P1932,189,731,30
P1933,194,4233,27
P1934,190,793,49
P1935,72,417,20
P1936,184,2967,23
P1937,80,3293,32
P1938,141,4726,31
P1939,168,1111,31
P1940,178,4421,44
P1941,193,980,22
P1942,106,4022,34
P1943,126,1854,35
P1944,94,3108,26
P1945,144,3763,45
P1946,126,340,35
P1947,126,4118,20
P1948,104,2929,27
P1949,51,4884,49
P1950,190,4757,28
P1951,63,4480,26
P1952,138,649,23
P1953,175,2656,26
P1954,97,4249,46
P1955,196,262,38
P1956,117,888,39
P1957,146,4680,44
P1958,150,426,49
P1959,174,1830,47
P1960,104,989,40
P1961,126,3830,43
P1962,174,2884,29
P1963,118,1532,27
P1964,165,595,27
P1965,155,2236,50
P1966,67,2755,29
P1967,81,4838,21
P1968,129,1106,42
P1969,106,2883,48
P1970,102,4265,40
P1971,96,4223,38
P1972,157,3657,32
P1973,60,3782,47
P1974,107,301,34
P1975,110,2137,25
P1976,199,3537,34
P1977,183,1459,21
P1978,183,148,30
P1979,92,3099,31
P1980,194,2020,43
P1981,144,4373,32
P1982,123,3907,25
P1983,176,3371,36
P1984,154,514,38
P1985,192,2879,23
P1986,168,644,26
P1987,167,2200,40
P1988,135,1919,31
P1989,106,1457,26
P1990,99,1206,27
P1991,198,1083,20
P1992,156,3443,48
P1993,113,394,43
P1994,196,2873,31
P1995,176,2976,35
P1996,62,1678,39
P1997,144,4775,37
P1998,103,795,27
P1999,87,798,50
P2000,97,977,45
P2001,112,3614,22
P2002,112,2875,33
P2003,196,3979,42
P2004,90,2178,20
P2005,57,4791,42
P2006,177,1370,50
P2007,73,2479,39
P2008,72,170,47
P2009,157,1666,21
P2010,119,888,27
P2011,60,1884,36
P2012,177,3520,21
P2013,148,263,34
P2014,50,257,38
P2015,142,65,21
P2016,174,1735,20
P2017,199,4412,50
P2018,88,1865,42
P2019,144,1073,20
P2020,157,4457,23
P2021,112,2839,49
P2022,112,3383,36
P2023,78,2677,24
P2024,151,2218,31
P2025,123,2205,24
P2026,168,180,25
P2027,93,1134,39
P2028,107,4442,25
P2029,182,855,34
P2030,198,3193,49
P2031,53,2010,38
P2032,63,2128,22
P2033,64,2902,33
P2034,159,1869,31
P2035,143,967,35
P2036,57,1613,49
P2037,51,2657,26
P2038,112,2569,47
P2039,171,3853,39
P2040,59,1680,44
P2041,58,2955,46
P2042,140,1372,31
P2043,123,65,40
P2044,125,128,34
P2045,140,1653,28
P2046,180,3473,26
P2047,152,4373,50
P2048,128,685,24
P2049,120,3749,43
P2050,93,238,43
P2051,163,3393,20
P2052,117,4079,49
P2053,185,4089,23
P2054,101,4951,34
P2055,53,1150,31
P2056,163,4357,28
P2057,78,2218,33
P2058,159,3832,31
P2059,169,50,24
P2060,92,2746,21
P2061,197,2374,22
P2062,129,3242,41
P2063,118,621,22
P2064,173,450,28
P2065,184,3521,26
P2066,98,4918,44
P2067,100,2912,28
P2068,53,16,25
P2069,70,3694,50
P2070,194,2954,29
P2071,129,291,31
P2072,89,1778,29
P2073,80,3456,27
P2074,153,800,35
P2075,98,4230,34
P2076,192,942,24
P2077,145,3433,30
P2078,68,3264,33
P2079,136,2532,35
P2080,83,820,30
P2081,63,3705,43
P2082,149,3696,46
P2083,191,4794,41
P2084,104,173,37
P2085,168,4871,45
P2086,140,1366,24
P2087,141,2495,50
P2088,170,4571,30
P2089,82,2035,25
P2090,161,1415,27
P2091,154,3959,48
P2092,161,1266,31
P2093,146,2413,31
P2094,175,2578,29
P2095,65,3824,48
P2096,65,4696,42
P2097,98,1601,42
P2098,57,3739,26
P2099,189,4710,28
P2100,50,2051,32
P2101,72,4375,26
P2102,115,570,49
P2103,197,3670,42
P2104,169,3455,22
P2105,76,115,48
P2106,178,1758,26
P2107,102,4763,23
P2108,84,1151,33
P2109,77,3063,33
P2110,177,433,28
P2111,165,1874,33
P2112,53,326,25
P2113,149,1413,33
P2114,98,1969,25
P2115,132,3056,46
P2116,189,2672,20
P2117,58,1006,47
P2118,107,1211,47
P2119,81,4042,39
P2120,154,1028,39
P2121,159,4113,38
P2122,79,2546,32
P2123,115,1741,39
P2124,94,4677,46
P2125,115,4612,42
P2126,58,2649,29
P2127,158,3427,45
P2128,116,2417,38
P2129,52,2921,21
P2130,87,1164,29
P2131,156,2799,21
P2132,164,85,46
P2133,168,2105,45
P2134,190,684,35
P2135,166,4644,25
P2136,97,856,42
P2137,159,3177,39
P2138,156,3474,25
P2139,116,3184,23
P2140,128,4717,43
P2141,135,3848,20
P2142,50,4855,47
P2143,174,2935,24
P2144,187,2025,38
P2145,106,1667,39
P2146,139,3894,30
P2147,97,282,46
P2148,145,4758,21
P2149,58,4511,50
P2150,81,3758,40
P2151,117,3244,42
P2152,52,217,42
P2153,147,800,25
P2154,144,4974,50
P2155,78,4509,30
P2156,146,985,50
P2157,200,661,46
P2158,79,3578,22
P2159,129,3473,24
P2160,64,2873,44
P2161,130,1917,45
P2162,138,2441,25
P2163,65,1682,47
P2164,161,4694,41
P2165,94,2526,47
P2166,92,3143,42
P2167,162,3511,41
P2168,143,890,20
P2169,73,4854,47
P2170,121,2238,23
P2171,146,3804,43
P2172,127,2752,34
P2173,59,2522,35
P2174,183,49,20
P2175,90,3919,44
P2176,170,210,46
P2177,99,208,25
P2178,192,2277,22
P2179,136,1475,25
P2180,68,2692,27
P2181,126,3017,48
P2182,155,1492,35
P2183,147,4448,21
P2184,104,3507,24
P2185,105,1243,38
P2186,170,1594,38
P2187,172,842,36
P2188,101,2998,43
P2189,138,4283,48
P2190,56,3164,22
P2191,186,4644,22
P2192,158,2627,24
P2193,155,3982,40
P2194,181,1484,40
P2195,110,2794,21
P2196,83,3562,29
P2197,106,498,46
P2198,197,3864,22
P2199,53,3649,47
P2200,187,2805,50
P2201,102,2473,42
P2202,60,4474,43
P2203,73,904,25
P2204,87,4378,35
P2205,86,1091,32
P2206,114,707,35
P2207,73,4306,29
P2208,61,660,30
P2209,190,4340,27
P2210,153,2590,35
P2211,169,1109,46
P2212,157,2979,42
P2213,149,2440,37
P2214,74,1500,23
P2215,160,3355,29
P2216,65,2998,38
P2217,53,1892,35
P2218,140,29,24
P2219,138,784,45
P2220,132,1487,30
P2221,56,2996,46
P2222,123,1263,34
P2223,90,3655,32
P2224,101,4351,28
P2225,132,54,27
P2226,127,387,25
P2227,109,3355,48
P2228,90,3208,22
P2229,188,3001,43
P2230,152,239,33
P2231,165,730,50
P2232,169,434,34
P2233,78,668,42
P2234,178,587,43
P2235,152,406,22
P2236,80,607,41
P2237,139,1974,43
P2238,189,3770,32
P2239,180,3508,23
P2240,116,3189,49
P2241,147,2637,24
P2242,124,3160,28
P2243,190,371,42
P2244,130,2071,24
P2245,87,1345,49
P2246,79,2140,50
P2247,98,4635,31
P2248,99,1940,23
P2249,183,4620,36
P2250,98,4807,46
P2251,93,1080,50
P2252,111,1199,50
P2253,197,4340,42
P2254,156,3438,44
P2255,144,334,35
P2256,122,1620,31
P2257,157,3242,46
P2258,135,4679,20
P2259,119,2166,22
P2260,52,1082,33
P2261,122,451,43
P2262,88,4597,42
P2263,144,4460,40
P2264,135,1869,44
P2265,182,2417,45
P2266,172,431,49
P2267,73,1571,39
P2268,111,4357,46
P2269,177,2037,42
P2270,189,681,43
P2271,139,4782,34
P2272,187,4653,28
P2273,138,427,22
P2274,126,1741,29
P2275,179,2213,32
P2276,91,4806,37
P2277,152,1971,39
P2278,182,1942,24
P2279,107,4153,42
P2280,126,4915,44
P2281,164,4168,27
P2282,195,2207,32
P2283,103,1194,33
P2284,78,2022,45
P2285,110,664,47
P2286,75,2585,27
P2287,170,3328,26
P2288,176,293,27
P2289,92,4509,49
P2290,56,548,27
P2291,169,2796,23
P2292,181,4252,35
P2293,79,1124,37
P2294,104,890,48
P2295,83,3301,47
P2296,132,2036,30
P2297,98,1542,50
P2298,172,1086,50
P2299,89,1056,23
P2300,195,2707,40
P2301,121,1110,47
P2302,114,3083,26
P2303,172,827,47
P2304,121,4295,42
P2305,96,1874,38
P2306,195,2313,27
P2307,199,3489,44
P2308,63,4771,20
P2309,83,2584,45
P2310,83,2970,40
P2311,109,3278,25
P2312,55,1785,48
P2313,149,2149,34
P2314,96,4776,22
P2315,53,1061,37
P2316,186,1914,42
P2317,104,983,29
P2318,77,4102,34
P2319,71,4313,23
P2320,101,3084,37
P2321,197,4656,22
P2322,61,2043,21
P2323,78,3310,38
P2324,92,4591,27
P2325,178,4451,43
P2326,192,3979,34
P2327,185,1943,22
P2328,123,4814,40
P2329,90,3840,21
P2330,191,4157,43
P2331,141,2986,43
P2332,196,199,31
P2333,172,113,20
P2334,167,2022,47
P2335,78,2598,27
P2336,122,4418,21
P2337,164,3011,36
P2338,60,4675,23
P2339,51,2537,41
P2340,113,3946,26
P2341,95,3385,35
P2342,160,136,48
P2343,81,2140,28
P2344,187,905,30
P2345,186,1005,28
P2346,153,2893,24
P2347,198,159,23
P2348,117,168,25
P2349,131,4065,23
P2350,112,2794,39
P2351,92,4046,50
P2352,190,1537,23
P2353,105,2847,27
P2354,75,2626,45
P2355,198,4392,22
P2356,176,852,34
P2357,154,1826,34
P2358,108,1947,33
P2359,56,207,40
P2360,72,4626,49
P2361,128,913,23
P2362,177,3512,50
P2363,76,1723,40
P2364,58,4134,30
P2365,99,1161,28
P2366,180,1759,32
P2367,122,782,40
P2368,152,2636,26
P2369,96,3069,49
P2370,84,36,44
P2371,135,102,48
P2372,58,1417,41
P2373,54,1606,31
P2374,179,4349,33
P2375,62,3771,37
P2376,141,174,20
P2377,54,2375,47
P2378,137,4216,39
P2379,128,3976,22
P2380,70,3423,33
P2381,153,1179,44
P2382,167,3658,29
P2383,178,73,21
P2384,191,1672,22
P2385,120,4515,50
P2386,169,2596,38
P2387,185,646,48
P2388,119,1884,24
P2389,197,3970,34
P2390,184,2294,25
P2391,74,2512,31
P2392,197,438,25
P2393,170,4778,42
P2394,186,3193,46
P2395,164,2849,20
P2396,92,4085,20
P2397,136,3119,22
P2398,124,3322,31
P2399,162,4423,42
P2400,65,4338,35
P2401,178,1820,21
P2402,81,4902,21
P2403,193,1698,42
P2404,162,740,27
P2405,113,445,39
P2406,124,4520,43
P2407,132,2457,23
P2408,128,3302,45
P2409,171,723,45
P2410,101,1856,20
P2411,160,1108,33
P2412,141,4108,29
P2413,61,4119,33
P2414,141,4651,47
P2415,200,4723,49
P2416,61,2295,32
P2417,154,1646,43
P2418,131,3428,38
P2419,150,2043,28
P2420,126,2902,34
P2421,85,730,50
P2422,101,2684,47
P2423,152,71,33
P2424,100,4212,31
P2425,87,4411,33
P2426,99,1782,20
P2427,98,129,36
P2428,83,3463,34
P2429,171,109,43
P2430,154,1914,38
P2431,175,3422,46
P2432,110,4200,36
P2433,89,2092,48
P2434,82,1320,45
P2435,92,736,24
P2436,92,4504,38
P2437,140,2724,44
P2438,177,4101,46
P2439,64,1713,34
P2440,138,1119,27
P2441,98,3079,36
P2442,125,2837,30
P2443,72,4584,20
P2444,191,2611,25
P2445,113,722,44
P2446,125,760,32
P2447,162,3519,42
P2448,119,2236,28
P2449,63,1090,41
P2450,138,1227,28
P2451,188,4543,33
P2452,55,2869,50
P2453,167,2422,42
P2454,171,4388,43
P2455,72,287,34
P2456,91,4307,26
P2457,192,4597,36
P2458,187,4904,39
P2459,168,4716,27
P2460,180,273,43
P2461,78,3720,38
P2462,57,2606,22
P2463,87,2536,41
P2464,79,1543,32
P2465,103,642,25
P2466,169,3836,47
P2467,85,382,27
P2468,78,1217,37
P2469,167,2381,50
P2470,179,3885,20
P2471,74,3911,32
P2472,134,514,34
P2473,103,2907,32
P2474,68,1140,29
P2475,165,2132,47
P2476,145,2696,27
P2477,87,86,41
P2478,136,2251,31
P2479,182,3850,37
P2480,67,2982,41
P2481,77,4338,22
P2482,89,652,35
P2483,56,4884,34
P2484,122,2531,39
P2485,64,912,27
P2486,138,1058,34
P2487,53,4910,24
P2488,102,1031,40
P2489,83,3689,45
P2490,104,3552,35
P2491,71,4692,27
P2492,56,2533,34
P2493,58,1427,49
P2494,112,2020,45
P2495,132,4395,41
P2496,92,867,20
P2497,75,4767,38
P2498,90,1381,39
P2499,86,240,20
P2500,167,1750,47
P2501,163,1873,22
P2502,184,2266,38
P2503,69,4423,21
P2504,174,2201,28
P2505,166,3513,44
P2506,113,4957,25
P2507,61,3796,42
P2508,193,326,46
P2509,68,779,41
P2510,93,3865,35
P2511,172,4068,48
P2512,134,1300,39
P2513,106,114,50
P2514,105,3165,48
P2515,82,554,21
P2516,134,2290,30
P2517,74,3594,46
P2518,151,2758,33
P2519,84,3155,27
P2520,162,4438,35
P2521,83,2692,24
P2522,62,4359,25
P2523,171,1198,28
P2524,162,1671,22
P2525,185,1147,36
P2526,82,3975,47
P2527,66,2131,36
P2528,133,2633,46
P2529,130,4481,45
P2530,146,4899,34
P2531,109,3937,27
P2532,172,1079,34
P2533,82,571,36
P2534,107,1533,35
P2535,114,3313,36
P2536,87,2731,30
P2537,179,4299,26
P2538,157,1219,25
P2539,107,1404,29
P2540,165,2247,23
P2541,117,251,38
P2542,79,3706,38
P2543,94,2191,20
P2544,113,1156,38
P2545,96,2988,47
P2546,83,2476,23
P2547,166,2626,32
P2548,141,4393,27
P2549,81,4291,31
P2550,199,1695,24
P2551,60,2002,31
P2552,187,3368,48
P2553,190,4831,29
P2554,111,294,38
P2555,172,1749,36
P2556,190,3136,24
P2557,51,2844,44
P2558,168,3881,34
P2559,127,4296,33
P2560,100,3365,25
P2561,131,2240,35
P2562,83,4307,37
P2563,116,4424,20
P2564,161,1842,37
P2565,94,1188,41
P2566,91,3040,21
P2567,142,1027,43
P2568,165,3995,26
P2569,106,243,48
P2570,145,4980,46
P2571,130,3935,50
P2572,107,4,23
P2573,185,4264,25
P2574,71,4497,21
P2575,83,450,38
P2576,169,1029,20
P2577,65,4092,48
P2578,115,2340,42
P2579,151,3197,49
P2580,109,3188,21
P2581,72,4863,45
P2582,71,1445,31
P2583,169,3284,36
P2584,79,487,29
P2585,106,2495,41
P2586,111,3968,50
P2587,73,2462,40
P2588,100,4682,30
P2589,185,1035,41
P2590,158,1704,25
P2591,150,3050,38
P2592,146,963,46
P2593,195,391,33
P2594,138,1885,41
P2595,78,1446,25
P2596,131,2988,49
P2597,86,4869,46
P2598,196,3354,37
P2599,94,3199,27
P2600,176,3251,32
P2601,90,1352,33
P2602,53,1826,36
P2603,189,2980,44
P2604,198,4928,31
P2605,73,893,32
P2606,182,99,42
P2607,88,2131,44
P2608,73,3469,46
P2609,153,3692,26
P2610,190,2071,35
P2611,77,107,26
P2612,55,2125,37
P2613,144,1629,24
P2614,191,500,27
P2615,175,4348,24
P2616,190,4112,40
P2617,58,2160,36
P2618,185,3788,24
P2619,69,3865,46
P2620,176,295,29
P2621,163,3411,36
P2622,177,2567,24
P2623,136,2259,23
P2624,165,997,48
P2625,139,2198,21
P2626,172,3767,47
P2627,63,2240,23
P2628,116,4133,41
P2629,120,2437,47
P2630,180,3018,29
P2631,163,3585,30
P2632,168,4504,38
P2633,154,1120,27
P2634,144,935,38
P2635,84,4194,48
P2636,168,4704,25
P2637,126,2252,27
P2638,54,4055,42
P2639,104,362,22
P2640,90,3026,49
P2641,68,2621,25
P2642,197,2939,22
P2643,200,2678,31
P2644,64,3214,37
P2645,167,4626,48
P2646,94,473,39
P2647,90,4100,36
P2648,117,3310,34
P2649,50,4827,25
P2650,68,2952,27
P2651,134,5,45
P2652,108,4425,49
P2653,150,2084,41
P2654,67,4990,29
P2655,149,92,44
P2656,180,4252,22
P2657,91,3851,44
P2658,176,1455,21
P2659,56,211,29
P2660,100,386,41
P2661,75,3755,45
P2662,189,1384,20
P2663,164,2914,48
P2664,90,1947,25
P2665,106,2632,41
P2666,171,4065,44
P2667,163,1439,44
P2668,160,2879,35
P2669,186,3580,44
P2670,106,108,33
P2671,184,1271,43
P2672,114,2343,22
P2673,162,1336,50
P2674,112,983,45
P2675,57,1448,33
P2676,164,4262,30
P2677,108,4789,34
P2678,182,2312,34
P2679,172,277,41
P2680,121,4934,48
P2681,195,1334,46
P2682,68,3555,27
P2683,178,4405,20
P2684,71,3081,43
P2685,163,3652,47
P2686,66,1414,30
P2687,65,3669,44
P2688,168,4612,24
P2689,196,2432,21
P2690,75,1073,26
P2691,172,2026,35
P2692,189,463,39
P2693,65,633,34
P2694,58,1043,31
P2695,66,1507,34
P2696,170,1892,28
P2697,127,1966,44
P2698,51,3412,35
P2699,189,334,22
P2700,161,4161,23
P2701,187,150,34
P2702,125,1886,40
P2703,71,4109,20
P2704,185,2665,30
P2705,79,1963,27
P2706,107,3069,25
P2707,125,3225,33
P2708,51,4982,21
P2709,184,349,38
P2710,91,1983,35
P2711,72,1875,21
P2712,87,3417,48
P2713,103,2126,24
P2714,50,2596,29
P2715,101,3135,36
P2716,121,2191,25
P2717,63,4469,40
P2718,57,1206,38
P2719,125,841,44
P2720,57,3256,37
P2721,53,4271,25
P2722,129,1352,43
P2723,102,2674,50
P2724,147,4815,25
P2725,90,1454,38
P2726,119,95,40
P2727,103,2120,46
P2728,133,802,38
P2729,133,842,32
P2730,51,2621,26
P2731,155,4252,44
P2732,138,4766,33
P2733,64,725,28
P2734,172,2800,39
P2735,164,3243,34
P2736,146,1043,20
P2737,121,3325,49
P2738,115,2305,31
P2739,99,1543,49
P2740,96,2055,31
P2741,103,4911,43
P2742,114,688,50
P2743,183,1103,33
P2744,106,1604,22
P2745,120,623,20
P2746,162,2484,48
P2747,177,3267,45
P2748,165,3913,24
P2749,114,1436,41
P2750,75,4756,41
P2751,175,4386,28
P2752,190,2135,22
P2753,164,4074,22
P2754,112,2366,42
P2755,64,2313,26
P2756,96,4942,50
P2757,147,2222,43
P2758,116,1975,26
P2759,155,3765,45
P2760,111,1386,42
P2761,124,4325,42
P2762,66,2456,20
P2763,127,2712,36
P2764,152,2249,23
P2765,72,3024,27
P2766,106,2748,50
P2767,134,3972,23
P2768,104,1651,31
P2769,57,1062,29
P2770,65,3233,45
P2771,137,809,38
P2772,109,686,39
P2773,119,2874,32
P2774,138,1043,41
P2775,114,3673,24
P2776,50,60,32
P2777,118,2244,28
P2778,176,4309,44
P2779,168,1572,34
P2780,69,382,36
P2781,50,304,41
P2782,92,4414,44
P2783,189,1934,29
P2784,153,2462,42
P2785,130,4733,29
P2786,120,4392,48
P2787,158,3201,21
P2788,161,2826,21
P2789,105,2113,22
P2790,81,1699,45
P2791,90,4180,44
P2792,169,4746,25
P2793,167,539,49
P2794,143,2363,29
P2795,92,4855,20
P2796,187,1870,25
P2797,185,3670,21
P2798,181,2654,20
P2799,57,2485,47
P2800,112,4601,36
P2801,93,4283,38
P2802,89,632,48
P2803,57,2019,21
P2804,55,534,39
P2805,159,1320,46
P2806,163,377,34
P2807,149,3789,28
P2808,150,3779,48
P2809,198,1503,44
P2810,56,2137,47
P2811,154,2479,30
P2812,130,3163,36
P2813,173,3781,46
P2814,182,4174,49
P2815,146,2885,33
P2816,192,4856,44
P2817,188,3666,48
P2818,148,3587,28
P2819,56,862,47
P2820,101,4324,20
P2821,190,1586,43
P2822,99,1647,28
P2823,166,4692,25
P2824,154,655,43
P2825,110,4756,34
P2826,57,176,37
P2827,112,2047,22
P2828,61,2822,43
P2829,129,1014,47
P2830,186,3634,20
P2831,97,3278,30
P2832,86,2039,39
P2833,132,1506,50
P2834,166,4332,23
P2835,147,4577,31
P2836,91,3618,31
P2837,136,4114,35
P2838,182,2009,21
P2839,129,3496,39
P2840,102,1920,30
P2841,100,643,39
P2842,198,2042,23
P2843,81,4705,49
P2844,68,3989,45
P2845,123,2082,26
P2846,169,792,27
P2847,89,3120,34
P2848,80,2181,42
P2849,176,1858,43
P2850,58,3555,35
P2851,63,3015,25
P2852,147,904,34
P2853,159,2461,27
P2854,132,1200,20
P2855,91,831,45
P2856,194,3980,33
P2857,166,1075,49
P2858,176,4432,25
P2859,123,2337,43
P2860,122,1711,42
P2861,72,1658,42
P2862,135,4516,27
P2863,63,3316,37
P2864,200,680,44
P2865,142,3928,50
P2866,175,613,22
P2867,112,4289,42
P2868,88,136,21
P2869,60,2741,44
P2870,181,2385,41
P2871,171,2884,38
P2872,164,55,50
P2873,104,3299,50
P2874,76,2606,26
P2875,89,1699,50
P2876,99,526,43
P2877,57,2253,43
P2878,129,119,40
P2879,139,4051,21
P2880,176,1222,43
P2881,157,2060,39
P2882,157,3109,20
P2883,162,980,26
P2884,61,2247,41
P2885,135,42,21
P2886,81,3,24
P2887,84,700,49
P2888,64,196,27
P2889,133,1758,32
P2890,119,4617,28
P2891,179,2935,21
P2892,156,2071,27
P2893,86,3245,24
P2894,170,2066,43
P2895,58,1447,37
P2896,199,2140,41
P2897,122,2149,25
P2898,111,4914,43
P2899,143,3508,40
P2900,135,2422,50
P2901,113,2591,43
P2902,125,2245,24
P2903,116,3760,41
P2904,147,3924,37
P2905,183,1370,32
P2906,193,2209,44
P2907,126,449,48
P2908,112,3049,49
P2909,147,430,35
P2910,162,1474,29
P2911,145,1675,28
P2912,200,3245,49
P2913,54,1389,39
P2914,70,1968,48
P2915,153,4285,33
P2916,73,178,37
P2917,72,4811,23
P2918,50,694,31
P2919,57,3708,35
P2920,140,1683,48
P2921,146,1192,29
P2922,141,926,41
P2923,120,1489,26
P2924,117,1771,39
P2925,136,3935,42
P2926,191,3868,34
P2927,193,2300,44
P2928,198,2264,47
P2929,51,3459,42
P2930,159,4995,24
P2931,198,4711,45
P2932,95,2362,22
P2933,134,196,34
P2934,163,2806,29
P2935,165,2623,49
P2936,76,3021,37
P2937,189,4202,23
P2938,55,1856,23
P2939,116,3724,31
P2940,196,526,30
P2941,76,2018,50
P2942,160,1041,23
P2943,128,2484,50
P2944,182,257,32
P2945,103,3872,29
P2946,141,448,36
P2947,77,3053,40
P2948,55,2834,38
P2949,110,2518,33
P2950,103,3527,24
P2951,68,2892,39
P2952,82,1573,26
P2953,193,3920,33
P2954,194,2128,28
P2955,196,2024,27
P2956,128,1979,44
P2957,127,1305,50
P2958,110,1385,43
P2959,184,2673,43
P2960,160,43,27
P2961,109,2837,39
P2962,123,2775,29
P2963,181,1979,45
P2964,156,3165,45
P2965,107,2102,26
P2966,104,1206,48
P2967,90,879,23
P2968,191,3920,20
P2969,93,4863,40
P2970,195,4598,32
P2971,196,63,45
P2972,126,2212,41
P2973,118,1774,28
P2974,93,4018,25
P2975,123,1352,24
P2976,83,2606,49
P2977,184,3218,49
P2978,155,909,50
P2979,146,213,37
P2980,90,4142,23
P2981,196,1562,49
P2982,153,946,29
P2983,72,385,47
P2984,132,133,41
P2985,155,1187,26
P2986,140,2861,28
P2987,143,3696,36
P2988,120,938,50
P2989,200,1997,44
P2990,127,206,49
P2991,127,4491,25
P2992,121,1228,44
P2993,104,2798,23
P2994,137,1253,28
P2995,68,1970,30
P2996,171,688,30
P2997,162,197,23
P2998,55,879,29
P2999,131,139,40
P3000,136,1805,44
P3001,191,3509,27
P3002,145,4137,50
P3003,103,1888,36
P3004,88,2710,38
P3005,56,2592,49
P3006,70,3867,27
P3007,186,4992,48
P3008,148,2218,37
P3009,123,491,25
P3010,181,2432,40
P3011,89,262,35
P3012,85,3547,45
P3013,84,937,50
P3014,192,2099,45
P3015,57,1468,24
P3016,50,3393,29
P3017,57,998,22
P3018,154,2473,44
P3019,97,1790,44
P3020,191,584,42
P3021,188,4728,31
P3022,165,377,22
P3023,133,239,22
P3024,118,4200,48
P3025,99,2830,49
P3026,145,3999,31
P3027,137,4689,34
P3028,57,4698,36
P3029,134,1906,23
P3030,166,3213,27
P3031,129,1287,30
P3032,164,1123,49
P3033,141,3496,24
P3034,154,2209,49
P3035,82,3122,22
P3036,87,2599,36
P3037,66,411,45
P3038,183,1311,38
P3039,143,982,20
P3040,91,1811,47
P3041,120,3372,36
P3042,200,247,21
P3043,63,4734,30
P3044,113,719,31
P3045,164,4606,39
P3046,72,382,45
P3047,67,2892,39
P3048,135,1465,50
P3049,82,4000,22
P3050,66,3526,43
P3051,72,3949,23
P3052,90,2145,45
P3053,108,4624,29
P3054,79,998,22
P3055,185,1031,20
P3056,101,2570,27
P3057,177,3123,36
P3058,179,3842,41
P3059,98,286,50
P3060,111,3309,27
P3061,131,497,40
P3062,137,1600,37
P3063,167,2274,21
P3064,183,2227,26
P3065,173,3293,31
P3066,111,1883,25
P3067,52,1095,25
P3068,139,4588,50
P3069,53,1484,37
P3070,96,4042,24
P3071,161,151,45
P3072,106,859,26
P3073,55,2684,36
P3074,194,1474,42
P3075,153,1139,46
P3076,146,4260,47
P3077,103,371,42
P3078,138,2422,33
P3079,107,2692,27
P3080,124,4621,43
P3081,135,2099,22
P3082,161,1153,30
P3083,184,4340,39
P3084,143,4387,35
P3085,117,2820,33
P3086,142,4647,38
P3087,113,3241,44
P3088,179,2715,34
P3089,115,3982,33
P3090,184,4266,35
P3091,152,3252,46
P3092,122,1394,40
P3093,95,2284,48
P3094,133,2361,47
P3095,89,1878,21
P3096,119,2192,29
P3097,80,3130,23
P3098,167,1337,43
P3099,79,1697,32
P3100,135,4052,26
P3101,91,1835,30
P3102,186,1506,35
P3103,176,2401,35
P3104,98,4687,38
P3105,174,2544,40
P3106,81,612,23
P3107,105,527,42
P3108,60,2978,45
P3109,90,2531,39
P3110,87,2546,26
P3111,113,303,34
P3112,84,3321,41
P3113,62,36,38
P3114,163,4964,23
P3115,103,4990,38
P3116,160,2490,32
P3117,63,1097,40
P3118,82,190,26
P3119,143,396,23
P3120,104,2443,47
P3121,70,75,30
P3122,180,4688,49
P3123,164,267,26
P3124,94,1083,41
P3125,172,785,23
P3126,78,3905,23
P3127,180,2225,23
P3128,51,397,50
P3129,199,2656,48
P3130,193,365,45
P3131,113,700,34
P3132,155,2263,35
P3133,157,3858,46
P3134,178,2948,24
P3135,149,4618,45
P3136,76,1680,47
P3137,149,4819,42
P3138,50,1261,40
P3139,134,3489,29
P3140,152,4655,43
P3141,187,362,50
P3142,148,42,27
P3143,89,1872,48
P3144,190,2017,39
P3145,62,4261,48
P3146,114,2702,20
P3147,90,1579,47
P3148,114,1445,27
P3149,114,681,31
P3150,121,546,20
P3151,132,1266,33
P3152,175,4664,23
P3153,56,741,29
P3154,143,1440,35
P3155,180,5,36
P3156,191,3470,21
P3157,139,1996,20
P3158,157,1570,42
P3159,148,1920,45
P3160,186,1070,44
P3161,75,1815,26
P3162,198,4473,47
P3163,100,383,30
P3164,65,3243,23
P3165,72,2401,21
P3166,89,1693,45
P3167,107,4843,20
P3168,98,1152,37
P3169,174,3231,49
P3170,104,3207,41
P3171,176,1942,46
P3172,191,2523,21
P3173,193,2790,36
P3174,96,1017,50
P3175,118,2286,36
P3176,92,3185,43
P3177,179,2906,48
P3178,180,4651,40
P3179,97,4541,48
P3180,94,4480,21
P3181,53,4949,39
P3182,92,1907,40
P3183,142,4238,31
P3184,173,1353,32
P3185,199,4947,50
P3186,184,4761,38
P3187,182,2467,21
P3188,106,3702,48
P3189,135,4562,49
P3190,66,4381,46
P3191,184,3673,24
P3192,189,1341,47
P3193,140,1559,25
P3194,96,1908,42
P3195,191,1806,44
P3196,68,1344,26
P3197,197,663,38
P3198,194,555,46
P3199,200,1404,38
P3200,183,3022,43
P3201,153,4849,47
P3202,92,585,30
P3203,168,2525,38
P3204,111,1582,50
P3205,103,4867,26
P3206,191,454,26
P3207,164,3436,46
P3208,137,1006,48
P3209,126,3864,35
P3210,77,2487,22
P3211,157,1477,45
P3212,141,1008,24
P3213,96,216,31
P3214,109,2524,48
P3215,51,1251,37
P3216,96,4946,48
P3217,196,405,33
P3218,88,400,44
P3219,183,2704,36
P3220,160,1185,23
P3221,109,95,36
P3222,161,1747,48
P3223,127,354,24
P3224,57,4637,22
P3225,96,2256,42
P3226,149,4514,39
P3227,179,4014,47
P3228,161,2944,36
P3229,50,3828,46
P3230,169,3808,43
P3231,111,3446,40
P3232,87,143,49
P3233,172,1568,42
P3234,55,4614,50
P3235,155,4439,39
P3236,160,1201,28
P3237,59,3315,36
P3238,137,4096,26
P3239,158,883,35
P3240,111,4589,42
P3241,131,2459,46
P3242,82,2283,34
P3243,128,3881,43
P3244,122,2452,47
P3245,150,3108,40
P3246,142,2656,27
P3247,57,652,44
P3248,91,320,43
P3249,50,3880,25
P3250,107,3108,27
P3251,84,2154,41
P3252,69,3678,38
P3253,92,3683,27
P3254,140,3503,20
P3255,168,2714,22
P3256,63,3570,25
P3257,99,2818,27
P3258,89,2756,22
P3259,174,2602,48
P3260,58,741,24
P3261,122,3081,30
P3262,108,3964,39
P3263,143,320,25
P3264,162,193,25
P3265,59,694,37
P3266,100,3882,30
P3267,117,3972,20
P3268,190,2049,37
P3269,93,4385,32
P3270,123,2316,37
P3271,54,4105,20
P3272,122,2937,23
P3273,91,2182,29
P3274,139,4087,41
P3275,195,1061,44
P3276,143,1132,31
P3277,75,4407,43
P3278,97,911,43
P3279,182,4256,32
P3280,106,4328,26
P3281,177,4445,26
P3282,128,2737,36
P3283,112,3057,30
P3284,118,3801,41
P3285,83,3745,37
P3286,155,2642,41
P3287,181,4786,33
P3288,151,358,35
P3289,131,419,49
P3290,97,1028,46
P3291,181,499,46
P3292,71,1274,32
P3293,54,1707,31
P3294,120,3067,40
P3295,155,4678,47
P3296,83,664,27
P3297,104,4239,36
P3298,96,1418,30
P3299,62,1716,42
P3300,50,2316,44
P3301,152,4828,21
P3302,75,633,45
P3303,144,3080,46
P3304,94,329,44
P3305,67,252,31
P3306,187,346,42
P3307,131,149,37
P3308,99,1825,34
P3309,162,1770,41
P3310,82,438,32
P3311,80,3033,30
P3312,112,2373,50
P3313,84,3933,30
P3314,189,2241,44
P3315,85,1721,50
P3316,113,464,26
P3317,123,3803,45
P3318,56,1207,27
P3319,67,61,40
P3320,113,4350,25
P3321,157,3011,28
P3322,126,4765,44
P3323,148,3238,20
P3324,145,4462,22
P3325,111,2046,29
P3326,155,2256,34
P3327,130,4795,29
P3328,107,1630,30
P3329,90,476,42
P3330,143,3440,39
P3331,166,3056,26
P3332,115,4095,21
P3333,148,3323,45
P3334,191,1066,45
P3335,152,3330,49
P3336,70,2516,22
P3337,178,5003,41
P3338,196,3865,35
P3339,160,2071,38
P3340,197,2456,30
P3341,132,3682,33
P3342,193,3181,36
P3343,136,1681,42
P3344,156,1542,46
P3345,161,297,20
P3346,61,2365,31
P3347,134,2984,25
P3348,163,2795,40
P3349,67,1789,44
P3350,121,352,21
P3351,191,4039,30
P3352,188,4583,36
P3353,101,3591,47
P3354,173,2090,27
P3355,132,4459,37
P3356,117,1809,26
P3357,121,2268,45
P3358,162,4498,29
P3359,61,4877,30
P3360,146,1440,36
P3361,76,701,39
P3362,200,1851,38
P3363,112,721,39
P3364,99,4785,29
P3365,173,2342,36
P3366,155,104,42
P3367,152,804,34
P3368,129,1661,30
P3369,106,2468,43
P3370,71,1532,25
P3371,76,3100,22
P3372,188,443,27
P3373,56,4480,20
P3374,78,908,45
P3375,89,1777,43
P3376,119,4139,31
P3377,108,1744,45
P3378,107,2376,46
P3379,150,4691,28
P3380,194,1183,29
P3381,102,855,38
P3382,66,1384,21
P3383,107,3988,41
P3384,119,110,43
P3385,147,2662,42
P3386,155,4039,32
P3387,164,647,38
P3388,79,3443,29
P3389,66,1025,33
P3390,54,925,38
P3391,96,1302,23
P3392,126,210,50
P3393,72,267,43
P3394,111,3155,22
P3395,81,853,35
P3396,105,677,49
P3397,67,1267,42
P3398,162,3747,45
P3399,105,307,30
P3400,150,1118,46
P3401,172,1331,39
P3402,64,1835,22
P3403,137,2508,39
P3404,98,4007,23
P3405,105,950,37
P3406,142,739,27
P3407,199,4687,39
P3408,145,919,25
P3409,58,1078,35
P3410,144,4662,23
P3411,96,847,50
P3412,120,2265,33
P3413,80,479,36
P3414,52,4774,44
P3415,193,3191,28
P3416,128,3604,27
P3417,120,3482,25
P3418,50,3722,36
P3419,106,1948,30
P3420,91,4429,31
P3421,56,756,28
P3422,72,2103,20
P3423,194,3989,28
P3424,67,2992,26
P3425,86,2019,43
P3426,193,227,43
P3427,136,3598,45
P3428,162,4726,45
P3429,117,2716,45
P3430,73,1787,50
P3431,105,675,24
P3432,60,1313,34
P3433,155,4310,42
P3434,170,3723,23
P3435,181,2384,37
P3436,89,508,21
P3437,183,1518,32
P3438,170,4273,26
P3439,59,1963,25
P3440,88,1081,35
P3441,119,3111,48
P3442,165,2687,50
P3443,188,95,22
P3444,138,2400,41
P3445,73,3339,40
P3446,110,748,23
P3447,129,981,38
P3448,57,2637,21
P3449,76,2817,23
P3450,116,4417,25
P3451,194,397,46
P3452,89,2947,31
P3453,83,2568,32
P3454,60,4150,34
P3455,50,1080,23
P3456,75,2872,43
P3457,105,2226,32
P3458,87,3535,38
P3459,158,2636,48
P3460,171,4271,41
P3461,57,41,38
P3462,82,1450,25
P3463,114,1318,47
P3464,83,931,47
P3465,124,4475,28
P3466,97,2541,44
P3467,176,1148,39
P3468,133,4955,21
P3469,180,1833,49
P3470,78,567,31
P3471,166,2586,37
P3472,71,2043,34
P3473,88,588,26
P3474,50,967,45
P3475,117,1908,43
P3476,120,52,21
P3477,93,4850,47
P3478,119,1567,36
P3479,185,4694,22
P3480,70,4585,27
P3481,120,2856,30
P3482,197,108,26
P3483,116,1167,38
P3484,164,3497,39
P3485,157,2772,44
P3486,186,4738,21
P3487,59,2173,23
P3488,167,1020,23
P3489,183,2260,37
P3490,110,2772,24
P3491,176,4234,35
P3492,112,3377,32
P3493,53,2561,22
P3494,174,4521,38
P3495,184,2485,39
P3496,151,3352,50
P3497,100,364,42
P3498,197,4305,20
P3499,73,2849,27
P3500,149,2836,42
P3501,58,2962,48
P3502,138,3848,49
P3503,164,1039,24
P3504,113,2699,24
P3505,178,3157,48
P3506,73,827,38
P3507,81,1544,35
P3508,165,3449,25
P3509,84,1281,29
P3510,169,3465,24
P3511,69,2780,27
P3512,192,1227,47
P3513,140,1933,35
P3514,158,2824,36
P3515,111,94,32
P3516,80,4987,45
P3517,146,332,39
P3518,196,4146,48
P3519,151,1908,43
P3520,177,3224,37
P3521,171,4867,40
P3522,81,1881,23
P3523,149,4720,26
P3524,170,2679,29
P3525,170,256,38
P3526,139,2815,24
P3527,154,4691,20
P3528,52,3972,20
P3529,137,4648,48
P3530,56,1758,50
P3531,107,446,33
P3532,129,4440,44
P3533,180,110,30
P3534,60,3597,21
P3535,159,4814,22
P3536,103,1213,40
P3537,105,2037,38
P3538,167,4089,42
P3539,77,3492,43
P3540,174,4983,21
P3541,177,3966,47
P3542,111,2551,27
P3543,149,2726,25
P3544,110,2260,47
P3545,67,1206,34
P3546,74,1540,36
P3547,170,931,43
P3548,85,1103,23
P3549,125,4711,21
P3550,110,4187,20
P3551,85,2341,47
P3552,91,4718,41
P3553,143,3533,21
P3554,114,1434,28
P3555,93,74,20
P3556,197,4274,46
P3557,153,2551,49
P3558,183,2085,49
P3559,123,2555,45
P3560,62,746,26
P3561,116,2181,36
P3562,118,4063,48
P3563,56,2039,32
P3564,61,2822,35
P3565,143,1221,26
P3566,147,2145,25
P3567,181,474,27
P3568,163,3685,43
P3569,138,4632,47
P3570,106,3500,46
P3571,124,4798,31
P3572,133,568,22
P3573,118,4432,35
P3574,98,3304,41
P3575,54,2470,26
P3576,102,1256,32
P3577,186,1114,25
P3578,187,479,26
P3579,148,3885,23
P3580,166,1284,28
P3581,142,3577,46
P3582,147,346,20
P3583,104,2872,23
P3584,153,4798,43
P3585,161,4342,36
P3586,86,4294,28
P3587,121,1250,37
P3588,147,3237,30
P3589,50,3549,26
P3590,102,1459,25
P3591,180,3940,43
P3592,140,2314,42
P3593,51,90,23
P3594,99,4564,25
P3595,131,1724,31
P3596,160,1074,38
P3597,123,286,48
P3598,163,2164,20
P3599,93,2289,36
P3600,179,1529,49
P3601,189,1787,50
P3602,176,592,48
P3603,111,4305,37
P3604,136,2794,22
P3605,120,530,26
P3606,129,347,48
P3607,184,1339,22
P3608,160,3337,42
P3609,77,1859,21
P3610,174,1394,34
P3611,63,4732,38
P3612,81,833,40
P3613,75,1691,21
P3614,144,4262,38
P3615,108,4127,20
P3616,184,3483,26
P3617,82,4185,22
P3618,127,2723,29
P3619,143,2716,28
P3620,99,14,36
P3621,154,2147,31
P3622,171,2532,33
P3623,183,3457,36
P3624,56,1969,29
P3625,166,1958,43
P3626,180,2830,49
P3627,170,4034,48
P3628,146,630,42
P3629,175,630,33
P3630,53,2599,45
P3631,194,3832,37
P3632,83,720,42
P3633,139,3716,30
P3634,82,4533,33
P3635,55,927,21
P3636,131,3376,42
P3637,132,935,27
P3638,147,4866,37
P3639,186,1468,33
P3640,75,4823,28
P3641,115,3079,49
P3642,74,4442,27
P3643,193,1243,44
P3644,197,1405,37
P3645,186,4011,24
P3646,176,68,24
P3647,156,2363,25
P3648,189,4611,45
P3649,57,954,30
P3650,193,4546,40
P3651,85,4065,29
P3652,56,175,30
P3653,193,2164,20
P3654,121,1266,31
P3655,87,709,31
P3656,95,818,31
P3657,82,3810,36
P3658,51,656,40
P3659,100,4414,40
P3660,200,1930,33
P3661,182,3573,39
P3662,125,4942,43
P3663,155,2576,46
P3664,145,150,38
P3665,60,3492,20
P3666,70,2830,42
P3667,131,40,21
P3668,131,4383,32
P3669,53,4048,28
P3670,168,430,44
P3671,134,3578,21
P3672,165,1181,20
P3673,160,4235,30
P3674,118,267,20
P3675,185,3654,43
P3676,68,3005,21
P3677,53,217,31
P3678,190,3091,44
P3679,132,2770,46
P3680,159,1354,42
P3681,158,4905,22
P3682,187,266,47
P3683,140,4693,26
P3684,187,1417,48
P3685,195,295,36
P3686,165,2460,24
P3687,191,2534,20
P3688,90,2430,28
P3689,167,3685,33
P3690,157,1119,50
P3691,63,1736,26
P3692,127,2967,22
P3693,145,3055,27
P3694,140,2600,23
P3695,103,1611,25
P3696,71,2234,39
P3697,109,5000,46
P3698,118,761,32
P3699,119,2115,20
P3700,107,3459,25
P3701,152,2094,28
P3702,102,708,45
P3703,187,1174,36
P3704,95,3126,47
P3705,128,2698,43
P3706,197,4754,48
P3707,52,1211,33
P3708,103,244,48
P3709,155,2864,21
P3710,145,413,30
P3711,132,2073,50
P3712,54,4380,29
P3713,91,148,22
P3714,164,1922,29
P3715,94,2342,44
P3716,184,4231,23
P3717,138,2338,46
P3718,132,997,45
P3719,111,1444,50
P3720,90,3322,24
P3721,53,4631,45
P3722,116,173,36
P3723,74,3931,34
P3724,141,889,49
P3725,62,3439,46
P3726,191,1156,39
P3727,102,4633,30
P3728,173,4897,45
P3729,127,4351,50
P3730,110,553,30
P3731,69,283,49
P3732,122,167,37
P3733,157,187,25
P3734,70,2456,49
P3735,119,4010,29
P3736,193,639,25
P3737,134,2632,26
P3738,191,4447,31
P3739,156,2738,41
P3740,161,1818,20
P3741,83,1486,22
P3742,195,1809,20
P3743,53,4907,25
P3744,160,4329,32
P3745,166,1724,26
P3746,82,718,45
P3747,151,4593,45
P3748,160,4493,42
P3749,145,3010,21
P3750,99,2410,43
P3751,115,3494,34
P3752,195,4098,29
P3753,177,4217,21
P3754,186,2996,37
P3755,83,725,27
P3756,101,4133,24
P3757,80,4688,33
P3758,175,3432,23
P3759,125,395,20
P3760,64,1554,36
P3761,146,3174,32
P3762,117,42,28
P3763,157,3187,47
P3764,77,2713,27
P3765,52,4664,30
P3766,101,1694,31
P3767,100,580,25
P3768,93,4867,32
P3769,148,2182,25
P3770,125,272,49
P3771,93,180,36
P3772,84,1068,43
P3773,124,2796,36
P3774,137,1546,45
P3775,173,3195,29
P3776,192,1723,20
P3777,69,3314,45
P3778,78,2168,49
P3779,111,4319,40
P3780,151,4047,49
P3781,157,4566,24
P3782,152,3320,20
P3783,143,2973,30
P3784,185,1846,27
P3785,85,3807,34
P3786,185,872,22
P3787,54,1354,36
P3788,112,1474,44
P3789,89,2534,25
P3790,73,1199,25
P3791,160,1935,32
P3792,113,1045,41
P3793,56,2746,21
P3794,168,236,49
P3795,69,367,46
P3796,90,4056,43
P3797,75,3048,32
P3798,117,832,30
P3799,53,3033,34
P3800,174,2960,37
P3801,101,4030,46
P3802,65,2018,48
P3803,149,4724,37
P3804,111,3997,20
P3805,107,4385,42
P3806,182,1257,24
P3807,116,1007,38
P3808,50,2467,37
P3809,142,1075,44
P3810,115,1719,25
P3811,200,3667,21
P3812,60,1678,20
P3813,96,3656,49
P3814,168,3054,26
P3815,91,536,33
P3816,103,320,49
P3817,147,4539,39
P3818,185,4460,40
P3819,113,4064,31
P3820,194,163,47
P3821,169,4066,35
P3822,52,4236,28
P3823,63,809,33
P3824,138,2521,24
P3825,88,4927,45
P3826,62,4857,48
P3827,192,500,31
P3828,60,2404,30
P3829,69,1527,38
P3830,179,2761,33
P3831,101,3945,27
P3832,105,1572,48
P3833,200,592,37
P3834,85,4022,41
P3835,131,1545,39
P3836,80,2899,27
P3837,125,3221,39
P3838,148,1337,35
P3839,187,3185,48
P3840,128,4959,43
P3841,119,2740,35
P3842,120,2378,20
P3843,54,954,28
P3844,180,3861,44
P3845,164,756,26
P3846,123,2104,48
P3847,71,490,32
P3848,159,1480,42
P3849,98,4840,36
P3850,164,2723,29
P3851,64,1267,46
P3852,151,681,44
P3853,179,1,50
P3854,60,922,38
P3855,146,894,41
P3856,186,2833,35
P3857,172,342,25
P3858,55,4391,22
P3859,126,4500,31
P3860,55,3852,22
P3861,81,4334,41
P3862,66,3705,26
P3863,142,2665,25
P3864,93,4099,34
P3865,82,4720,47
P3866,198,1058,20
P3867,185,2968,28
P3868,199,576,46
P3869,56,3144,28
P3870,126,4767,41
P3871,141,2514,31
P3872,169,3405,44
P3873,126,3891,40
P3874,85,2032,25
P3875,134,1557,49
P3876,151,2254,40
P3877,164,2160,21
P3878,111,4805,46
P3879,71,676,40
P3880,79,386,34
P3881,57,3243,30
P3882,90,1121,50
P3883,151,3497,47
P3884,169,3487,30
P3885,186,4571,23
P3886,144,75,21
P3887,188,1630,30
P3888,107,4687,33
P3889,88,4825,50
P3890,133,2732,35
P3891,168,2031,31
P3892,90,1305,21
P3893,72,657,40
P3894,140,3603,27
P3895,193,1394,32
P3896,121,3526,48
P3897,120,2983,40
P3898,114,886,40
P3899,184,469,32
P3900,198,2405,36
P3901,155,2418,37
P3902,107,136,20
P3903,149,4089,35
P3904,182,1608,30
P3905,153,1304,25
P3906,120,4206,24
P3907,149,2028,24
P3908,112,1897,31
P3909,138,497,42
P3910,176,3064,45
P3911,69,379,37
P3912,136,1140,25
P3913,116,1741,39
P3914,114,562,28
P3915,146,4575,32
P3916,150,4786,42
P3917,75,4639,35
P3918,56,4619,39
P3919,125,4992,21
P3920,114,1517,31
P3921,69,94,48
P3922,74,1822,28
P3923,57,2989,41
P3924,97,828,20
P3925,109,2526,42
P3926,179,2311,38
P3927,158,3602,36
P3928,92,1741,25
P3929,121,844,33
P3930,162,3654,38
P3931,108,636,29
P3932,189,2714,30
P3933,147,1729,41
P3934,121,3696,20
P3935,79,451,50
P3936,157,2937,45
P3937,80,672,36
P3938,187,1942,41
P3939,140,3651,22
P3940,81,3043,45
P3941,82,2517,30
P3942,160,4145,23
P3943,168,583,43
P3944,188,1689,29
P3945,123,497,31
P3946,149,4315,27
P3947,126,4674,36
P3948,136,2753,20
P3949,134,2543,37
P3950,101,4438,39
P3951,194,2473,32
P3952,197,2794,25
P3953,114,2845,25
P3954,127,1707,33
P3955,189,788,26
P3956,122,4956,31
P3957,96,538,37
P3958,110,3952,38
P3959,151,2120,32
P3960,57,2999,50
P3961,53,3547,30
P3962,123,1298,35
P3963,199,1835,25
P3964,61,2677,21
P3965,55,4140,42
P3966,173,345,36
P3967,81,3324,42
P3968,162,3004,34
P3969,140,4287,20
P3970,55,1597,41
P3971,66,2747,46
P3972,171,1835,32
P3973,59,2634,48
P3974,136,1424,34
P3975,184,3584,26
P3976,120,4926,41
P3977,69,1905,26
P3978,160,250,41
P3979,117,3494,46
P3980,115,4439,30
P3981,71,1395,27
P3982,160,4087,38
P3983,106,642,44
P3984,198,339,47
P3985,179,698,24
P3986,103,964,42
P3987,155,3983,22
P3988,101,4282,42
P3989,108,2503,27
P3990,92,4348,28
P3991,103,4148,47
P3992,136,3289,23
P3993,174,3751,43
P3994,76,4790,28
P3995,199,475,32
P3996,181,3070,46
P3997,132,4526,33
P3998,114,2,22
P3999,165,2213,33
P4000,76,2514,21
P4001,108,2702,26
P4002,131,3380,47
P4003,150,4483,27
P4004,129,4395,24
P4005,162,4945,38
P4006,150,4953,27
P4007,60,4342,46
P4008,179,2162,41
P4009,147,755,29
P4010,123,1338,28
P4011,114,3873,45
P4012,125,4783,23
P4013,179,665,45
P4014,147,3014,50
P4015,139,3322,34
P4016,117,2541,35
P4017,63,1552,22
P4018,87,4767,34
P4019,105,1462,36
P4020,129,4186,30
P4021,125,1354,28
P4022,162,4087,44
P4023,64,2937,32
P4024,55,1145,45
P4025,92,1900,31
P4026,161,1873,21
P4027,72,4196,36
P4028,95,1464,35
P4029,90,1933,31
P4030,73,3989,28
P4031,128,801,42
P4032,170,558,28
P4033,69,974,42
P4034,119,3237,43
P4035,66,1909,29
P4036,135,4120,35
P4037,84,4850,35
P4038,51,2438,20
P4039,65,2749,39
P4040,180,1545,27
P4041,91,1966,25
P4042,89,338,38
P4043,71,654,34
P4044,161,4308,28
P4045,177,1811,37
P4046,118,1687,45
P4047,114,256,22
P4048,87,4906,26
P4049,84,410,47
P4050,85,431,21
P4051,136,1539,32
P4052,131,1055,44
P4053,188,3846,50
P4054,109,2949,41
P4055,182,3584,24
P4056,158,2653,34
P4057,149,812,45
P4058,185,1316,50
P4059,59,2940,38
P4060,61,4158,31
P4061,168,2724,43
P4062,134,573,31
P4063,112,151,42
P4064,197,3712,49
P4065,143,2021,37
P4066,93,3440,45
P4067,77,4431,34
P4068,60,1246,46
P4069,70,2345,36
P4070,101,3108,26
P4071,196,3715,50
P4072,141,575,44
P4073,83,2505,38
P4074,69,2417,49
P4075,89,2559,48
P4076,101,4821,23
P4077,81,4475,47
P4078,182,1083,49
P4079,137,4549,42
P4080,125,35,28
P4081,174,4463,29
P4082,103,4356,48
P4083,92,4835,28
P4084,114,1190,25
P4085,145,204,35
P4086,163,473,42
P4087,150,3530,39
P4088,171,305,36
P4089,85,1856,20
P4090,99,1077,47
P4091,134,1692,21
P4092,89,156,48
P4093,184,1710,45
P4094,125,1289,39
P4095,187,1568,48
P4096,97,2719,42
P4097,59,26,45
P4098,187,2661,20
P4099,127,3437,26
P4100,58,438,44
P4101,184,4652,36
P4102,87,262,50
P4103,71,2110,24
P4104,139,4277,30
P4105,92,2268,25
P4106,130,3416,42
P4107,109,621,40
P4108,157,915,41
P4109,173,4044,36
P4110,170,2676,48
P4111,132,1406,30
P4112,147,2666,48
P4113,53,4895,45
P4114,70,2170,22
P4115,67,3255,35
P4116,165,714,40
P4117,81,781,48
P4118,57,1676,31
P4119,115,3077,39
P4120,81,583,49
P4121,175,4384,44
P4122,189,3531,33
P4123,86,3344,49
P4124,117,1792,24
P4125,78,2009,45
P4126,79,4111,27
P4127,181,3994,44
P4128,79,4350,46
P4129,178,2268,47
P4130,167,3519,36
P4131,161,2056,24
P4132,103,2374,46
P4133,62,2943,50
P4134,68,1323,22
P4135,52,1774,43
P4136,100,1092,23
P4137,141,2638,34
P4138,105,3050,40
P4139,127,1315,39
P4140,78,4653,32
P4141,85,2708,45
P4142,79,3622,35
P4143,139,1937,22
P4144,98,4646,38
P4145,117,264,39
P4146,118,2381,42
P4147,193,3982,48
P4148,99,1060,23
P4149,148,877,34
P4150,75,2618,46
P4151,136,1368,44
P4152,192,3201,37
P4153,196,3617,46
P4154,104,4629,40
P4155,122,1791,40
P4156,77,2376,34
P4157,167,27,30
P4158,80,1754,41
P4159,93,3269,47
P4160,127,4370,26
P4161,100,2374,47
P4162,165,2278,42
P4163,84,4345,20
P4164,154,4725,27
P4165,153,967,44
P4166,154,3287,45
P4167,83,3307,22
P4168,111,1184,26
P4169,190,174,29
P4170,168,738,37
P4171,76,3668,36
P4172,165,3819,24
P4173,112,1245,25
P4174,133,3527,35
P4175,148,2418,24
P4176,72,3431,49
P4177,159,1718,49
P4178,78,1993,21
P4179,140,2482,31
P4180,173,2303,49
P4181,166,3437,23
P4182,112,4955,21
P4183,55,4499,20
P4184,65,348,42
P4185,190,1311,28
P4186,62,1301,28
P4187,155,2645,30
P4188,159,2291,30
P4189,79,2868,43
P4190,187,4472,47
P4191,99,123,43
P4192,70,670,37
P4193,180,4783,41
P4194,77,1900,39
P4195,156,1114,49
P4196,63,4589,37
P4197,122,136,32
P4198,65,1459,29
P4199,159,607,28
P4200,172,484,50
P4201,174,2070,22
P4202,89,937,29
P4203,148,699,27
P4204,157,938,39
P4205,60,2217,21
P4206,147,4713,47
P4207,174,4350,44
P4208,162,3089,32
P4209,137,4481,23
P4210,158,2219,34
P4211,116,1890,50
P4212,111,1186,28
P4213,135,3298,32
P4214,70,3138,29
P4215,168,420,44
P4216,126,310,48
P4217,170,3754,31
P4218,139,2187,38
P4219,98,4798,47
P4220,87,2874,48
P4221,150,770,39
P4222,193,4571,23
P4223,126,2212,30
P4224,75,4061,49
P4225,143,466,47
P4226,144,4548,48
P4227,197,1739,41
P4228,53,1611,42
P4229,195,2820,21
P4230,105,3910,26
P4231,108,4892,37
P4232,88,4314,26
P4233,141,2492,47
P4234,99,3273,32
P4235,55,4318,44
P4236,146,1222,25
P4237,87,3260,34
P4238,68,2527,24
P4239,51,4873,29
P4240,197,1143,37
P4241,171,3638,21
P4242,62,3643,41
P4243,167,4428,44
P4244,119,1656,34
P4245,182,2232,32
P4246,86,84,50
P4247,91,1040,27
P4248,164,2701,39
P4249,112,1906,29
P4250,153,1099,50
P4251,138,3841,28
P4252,53,2977,46
P4253,52,2808,45
P4254,62,417,39
P4255,144,3540,24
P4256,120,147,38
P4257,132,3982,32
P4258,108,918,23
P4259,132,4128,29
P4260,56,3355,43
P4261,176,4837,49
P4262,82,3161,30
P4263,82,697,30
P4264,178,4396,32
P4265,190,2336,29
P4266,165,3906,33
P4267,159,4562,34
P4268,147,4232,36
P4269,70,4162,35
P4270,68,4601,44
P4271,107,2041,39
P4272,165,3543,27
P4273,163,1350,49
P4274,73,2209,24
P4275,111,2144,28
P4276,50,483,49
P4277,97,3032,43
P4278,85,2591,47
P4279,132,1871,38
P4280,133,3062,46
P4281,98,3139,43
P4282,106,3934,35
P4283,80,2690,45
P4284,62,2779,37
P4285,145,4923,29
P4286,152,4404,32
P4287,172,3268,49
P4288,87,800,22
P4289,62,3590,33
P4290,104,4046,24
P4291,90,1315,44
P4292,149,3422,28
P4293,163,4077,35
P4294,165,2727,47
P4295,75,1459,50
P4296,92,796,37
P4297,105,1586,44
P4298,199,1865,43
P4299,108,2692,32
P4300,173,2164,27
P4301,163,3763,47
P4302,148,3086,41
P4303,55,2956,20
P4304,167,1789,23
P4305,180,2873,30
P4306,84,2685,26
P4307,93,3606,23
P4308,115,4952,45
P4309,120,108,29
P4310,128,428,49
P4311,65,814,40
P4312,159,839,27
P4313,126,193,31
P4314,68,4261,20
P4315,150,171,28
P4316,73,3243,42
P4317,107,4922,42
P4318,153,512,50
P4319,127,2168,27
P4320,111,2424,37
P4321,101,54,32
P4322,197,3093,22
P4323,92,3712,29
P4324,110,3823,30
P4325,103,199,38
P4326,118,4536,33
P4327,138,2357,24
P4328,121,14,28
P4329,179,2379,44
P4330,96,2095,27
P4331,82,4982,38
P4332,190,4068,33
P4333,65,4739,41
P4334,96,1592,40
P4335,56,1359,29
P4336,193,3654,46
P4337,103,3505,28
P4338,181,4610,26
P4339,180,2790,37
P4340,170,3075,23
P4341,78,3836,39
P4342,145,3016,35
P4343,66,4146,41
P4344,135,1586,21
P4345,58,1365,31
P4346,81,174,23
P4347,125,2937,45
P4348,135,757,29
P4349,54,4940,45
P4350,118,2907,34
P4351,159,2643,25
P4352,176,58,30
P4353,135,274,49
P4354,73,1546,37
P4355,172,2215,21
P4356,152,1568,44
P4357,102,124,23
P4358,132,1022,20
P4359,93,1230,35
P4360,87,1954,48
P4361,196,2577,22
P4362,74,2147,26
P4363,116,4582,35
P4364,185,257,36
P4365,172,476,37
P4366,120,4311,47
P4367,119,3309,42
P4368,71,2184,50
P4369,71,2237,41
P4370,130,799,33
P4371,121,2585,50
P4372,93,2215,50
P4373,139,4159,30
P4374,78,111,24
P4375,91,3505,40
P4376,69,3445,48
P4377,139,1120,32
P4378,67,4660,28
P4379,103,941,20
P4380,116,1997,25
P4381,131,901,42
P4382,85,2519,28
P4383,67,2068,26
P4384,73,3883,25
P4385,107,3140,29
P4386,180,4576,24
P4387,99,2429,28
P4388,86,4146,24
P4389,76,1911,36
P4390,116,3225,49
P4391,198,4816,32
P4392,178,293,22
P4393,171,2868,36
P4394,138,3932,44
P4395,64,4735,24
P4396,59,4927,34
P4397,101,4295,35
P4398,77,2171,50
P4399,81,2068,24
P4400,100,250,38
P4401,186,2981,25
P4402,138,1680,31
P4403,56,3094,49
P4404,110,3846,49
P4405,141,2487,43
P4406,190,2234,31
P4407,81,2102,24
P4408,83,4185,28
P4409,198,4827,20
P4410,151,3272,22
P4411,193,1154,30
P4412,174,2961,43
P4413,52,3930,42
P4414,160,3473,42
P4415,74,1810,43
P4416,117,2327,20
P4417,174,3457,48
P4418,118,3097,21
P4419,54,690,33
P4420,113,993,41
P4421,160,4101,37
P4422,142,940,39
P4423,67,3639,45
P4424,89,759,29
P4425,106,2237,22
P4426,105,3499,21
P4427,91,2245,26
P4428,197,536,38
P4429,154,2077,41
P4430,170,41,21
P4431,110,2975,45
P4432,58,1944,40
P4433,60,4786,50
P4434,123,1692,30
P4435,62,3959,30
P4436,146,4393,24
P4437,83,5003,21
P4438,59,3268,21
P4439,182,2625,38
P4440,107,3052,23
P4441,69,582,44
P4442,110,881,34
P4443,185,643,40
P4444,200,3599,26
P4445,91,4927,49
P4446,150,3156,34
P4447,192,2032,20
P4448,141,4267,38
P4449,74,3745,45
P4450,72,2195,40
P4451,195,2537,46
P4452,124,3792,45
P4453,96,628,27
P4454,67,1146,27
P4455,175,273,32
P4456,170,1673,31
P4457,80,3257,37
P4458,146,3327,50
P4459,50,1217,30
P4460,83,2083,48
P4461,129,4069,29
P4462,195,2817,45
P4463,70,4366,45
P4464,113,4064,30
P4465,59,2442,49
P4466,187,654,50
P4467,199,3577,28
P4468,190,3430,37
P4469,116,3264,37
P4470,108,3605,42
P4471,91,4354,38
P4472,102,3846,50
P4473,153,1484,27
P4474,139,2534,35
P4475,69,3343,35
P4476,188,3201,42
P4477,169,2928,23
P4478,108,2476,26
P4479,106,2714,32
P4480,184,3034,24
P4481,95,1324,23
P4482,107,3224,44
P4483,119,3237,45
P4484,82,3800,46
P4485,177,1686,47
P4486,80,1062,45
P4487,146,1607,36
P4488,198,3510,42
P4489,166,4282,43
P4490,113,416,28
P4491,114,1267,21
P4492,97,3578,33
P4493,163,4466,47
P4494,158,3729,44
P4495,57,1616,49
P4496,116,43,38
P4497,127,1718,49
P4498,176,4786,24
P4499,162,2889,42
P4500,170,2965,23
P4501,195,350,41
P4502,65,4402,33
P4503,187,700,33
P4504,200,4362,34
P4505,51,3088,34
P4506,156,2069,41
P4507,58,436,31
P4508,183,3361,21
P4509,55,4096,35
P4510,169,3235,33
P4511,175,3037,20
P4512,169,3631,49
P4513,132,1453,27
P4514,72,3312,36
P4515,123,2590,30
P4516,200,3460,38
P4517,143,1162,44
P4518,185,9,48
P4519,87,4283,45
P4520,128,2419,42
P4521,94,2927,23
P4522,131,1520,48
P4523,50,836,35
P4524,82,3684,22
P4525,116,2210,49
P4526,62,3293,43
P4527,132,431,21
P4528,106,1504,38
P4529,176,3533,40
P4530,64,4737,32
P4531,185,207,42
P4532,83,1986,31
P4533,94,2878,44
P4534,144,3073,44
P4535,58,1847,48
P4536,181,4305,31
P4537,153,3336,36
P4538,174,4231,24
P4539,137,4449,40
P4540,116,4869,49
P4541,172,608,37
P4542,174,3558,35
P4543,106,1316,46
P4544,172,3910,37
P4545,152,1037,47
P4546,80,818,50
P4547,112,4587,29
P4548,72,4921,40
P4549,85,3743,30
P4550,83,1851,49
P4551,184,3974,36
P4552,54,1903,36
P4553,79,2722,32
P4554,95,224,46
P4555,196,3092,35
P4556,112,1290,20
P4557,103,266,25
P4558,146,2389,37
P4559,148,559,49
P4560,151,417,32
P4561,60,2702,35
P4562,56,4734,44
P4563,94,87,23
P4564,91,4002,22
P4565,100,2894,47
P4566,110,3525,42
P4567,68,4018,38
P4568,62,3879,34
P4569,165,1689,50
P4570,73,2514,28
P4571,188,3410,26
P4572,174,96,27
P4573,119,1334,31
P4574,66,1524,46
P4575,193,531,32
P4576,124,537,29
P4577,97,3637,42
P4578,182,3640,27
P4579,129,4749,46
P4580,186,696,43
P4581,186,1176,21
P4582,118,1975,22
P4583,53,1496,32
P4584,191,2927,24
P4585,166,559,30
P4586,147,5,30
P4587,187,1229,34
P4588,125,4254,47
P4589,159,4157,46
P4590,149,3198,45
P4591,173,2406,46
P4592,173,3659,49
P4593,113,4354,21
P4594,162,494,36
P4595,133,2610,50
P4596,186,1181,20
P4597,63,3366,49
P4598,120,1368,47
P4599,110,2904,34
P4600,191,4491,23
P4601,145,3318,39
P4602,181,2089,43
P4603,93,4616,20
P4604,181,4268,47
P4605,119,1274,23
P4606,156,623,26
P4607,161,1184,50
P4608,124,4808,36
P4609,53,2822,37
P4610,118,1116,31
P4611,194,1811,44
P4612,167,3654,28
P4613,143,1628,30
P4614,58,394,36
P4615,148,1901,34
P4616,160,2465,41
P4617,156,4432,45
P4618,100,3411,27
P4619,171,4976,47
P4620,61,2981,32
P4621,129,3363,24
P4622,120,690,50
P4623,142,182,31
P4624,69,1852,49
P4625,127,2325,28
P4626,118,2775,36
P4627,139,2461,40
P4628,121,1914,41
P4629,67,3728,21
P4630,59,4748,48
P4631,71,268,48
P4632,191,2109,40
P4633,84,1923,27
P4634,156,422,42
P4635,173,2868,24
P4636,199,4536,46
P4637,193,1146,44
P4638,151,3432,38
P4639,125,97,22
P4640,104,4221,48
P4641,107,3768,50
P4642,158,2843,35
P4643,157,542,46
P4644,55,1149,48
P4645,127,1674,46
P4646,191,4127,26
P4647,139,2698,26
P4648,195,2589,41
P4649,190,4244,50
P4650,146,1786,34
P4651,165,1454,45
P4652,97,3136,38
P4653,196,2653,40
P4654,120,557,30
P4655,63,4497,21
P4656,70,3645,23
P4657,118,2658,47
P4658,82,1818,47
P4659,54,2846,38
P4660,159,708,20
P4661,116,4793,50
P4662,116,4647,38
P4663,171,2437,20
P4664,85,4368,26
P4665,158,3627,35
P4666,132,4838,50
P4667,52,2056,24
P4668,105,4310,40
P4669,147,4409,23
P4670,128,4752,48
P4671,94,538,35
P4672,121,4850,46
P4673,108,3264,39
P4674,138,4516,33
P4675,199,2382,21
P4676,119,4293,20
P4677,91,3796,28
P4678,91,819,22
P4679,160,3299,24
P4680,164,4201,49
P4681,147,947,31
P4682,191,1684,32
P4683,97,4395,40
P4684,155,3465,49
P4685,197,162,42
P4686,157,3528,48
P4687,132,1423,23
P4688,66,928,29
P4689,196,4172,28
P4690,86,1309,26
P4691,108,2535,46
P4692,143,1390,34
P4693,177,452,45
P4694,132,790,24
P4695,174,2981,24
P4696,103,93,33
P4697,76,3138,45
P4698,65,1812,45
P4699,95,1438,31
P4700,126,637,33
P4701,112,366,29
P4702,124,2149,32
P4703,145,2000,28
P4704,163,1466,29
P4705,152,3720,25
P4706,119,374,43
P4707,67,1513,37
P4708,140,1307,24
P4709,101,4685,25
P4710,118,1429,23
P4711,73,1817,38
P4712,129,2551,23
P4713,58,2293,47
P4714,199,3422,37
P4715,85,3415,29
P4716,88,4997,33
P4717,110,4291,38
P4718,104,2215,36
P4719,157,302,47
P4720,137,2363,47
P4721,51,2510,21
P4722,183,4812,31
P4723,111,3670,22
P4724,52,742,47
P4725,67,1287,22
P4726,76,3852,48
P4727,199,1861,23
P4728,133,2575,34
P4729,160,3973,28
P4730,121,921,43
P4731,183,3542,20
P4732,62,1557,26
P4733,145,1358,49
P4734,144,3561,24
P4735,115,3126,32
P4736,64,4326,38
P4737,66,1021,30
P4738,165,1628,43
P4739,106,3996,25
P4740,85,111,47
P4741,84,2574,46
P4742,171,3512,38
P4743,173,4345,34
P4744,188,3797,40
P4745,73,23,26
P4746,51,4564,42
P4747,142,765,37
P4748,99,4917,37
P4749,85,283,26
P4750,50,159,20
P4751,146,4734,29
P4752,98,2696,33
P4753,93,2506,45
P4754,114,2856,40
P4755,91,783,34
P4756,68,4607,33
P4757,131,1646,35
P4758,112,1758,25
P4759,105,1877,40
P4760,110,1976,35
P4761,119,1643,30
P4762,172,385,43
P4763,87,1352,48
P4764,154,2451,39
P4765,181,4364,45
P4766,188,2830,41
P4767,120,580,31
P4768,200,4880,49
P4769,111,4223,37
P4770,55,4352,27
P4771,92,4477,47
P4772,75,2324,48
P4773,150,3354,35
P4774,171,1836,21
P4775,134,3446,33
P4776,158,860,37
P4777,188,1576,46
P4778,152,3573,33
P4779,75,3969,33
P4780,162,2868,26
P4781,128,2502,43
P4782,168,4673,48
P4783,134,4097,42
P4784,134,2833,31
P4785,129,1278,22
P4786,196,2007,20
P4787,56,3600,41
P4788,67,826,34
P4789,86,4342,27
P4790,107,2795,30
P4791,109,3263,33
P4792,165,3773,31
P4793,139,595,30
P4794,55,3191,42
P4795,132,1469,46
P4796,88,441,44
P4797,120,2306,20
P4798,111,2815,21
P4799,60,3410,35
P4800,177,1618,38
P4801,65,1840,38
P4802,131,1401,22
P4803,119,2675,32
P4804,134,1881,35
P4805,89,395,41
P4806,125,3030,41
P4807,114,424,42
P4808,57,2643,20
P4809,140,1719,33
P4810,56,2008,35
P4811,145,3053,28
P4812,67,4156,29
P4813,82,499,26
P4814,57,2079,20
P4815,164,223,44
P4816,98,1859,35
P4817,113,474,36
P4818,163,2899,45
P4819,54,3132,31
P4820,153,1601,29
P4821,69,4247,29
P4822,194,3370,48
P4823,69,4786,42
P4824,80,1210,24
P4825,95,3197,37
P4826,134,367,36
P4827,176,2140,21
P4828,165,2657,32
P4829,153,2077,30
P4830,119,3525,35
P4831,50,858,48
P4832,86,1821,30
P4833,73,739,44
P4834,66,2112,47
P4835,171,1317,47
P4836,137,1579,32
P4837,169,3331,38
P4838,137,3985,27
P4839,146,3365,46
P4840,171,3758,29
P4841,140,3488,36
P4842,191,3749,44
P4843,50,4902,35
P4844,67,2475,42
P4845,172,4739,44
P4846,162,3947,45
P4847,97,3541,28
P4848,176,2153,20
P4849,73,444,24
P4850,121,4283,33
P4851,65,374,26
P4852,181,2112,41
P4853,79,4889,36
P4854,126,1781,49
P4855,54,4002,38
P4856,145,365,49
P4857,197,2755,30
P4858,135,4055,41
P4859,138,363,20
P4860,195,882,22
P4861,120,4262,42
P4862,163,3360,44
P4863,184,2108,23
P4864,63,4938,32
P4865,85,2215,33
P4866,126,3648,32
P4867,101,1991,39
P4868,166,16,24
P4869,82,263,40
P4870,192,4419,29
P4871,169,1740,30
P4872,56,4014,48
P4873,88,347,25
P4874,99,2923,24
P4875,91,1044,30
P4876,118,3071,41
P4877,102,440,20
P4878,181,1900,48
P4879,164,4215,25
P4880,130,3840,36
P4881,116,4767,23
P4882,96,2153,48
P4883,176,3901,45
P4884,69,2892,45
P4885,111,173,38
P4886,142,1408,27
P4887,199,4844,28
P4888,56,276,40
P4889,78,4747,35
P4890,135,2381,37
P4891,72,1215,38
P4892,61,659,47
P4893,165,2152,32
P4894,112,2189,37
P4895,112,53,23
P4896,151,80,29
P4897,100,3608,28
P4898,185,853,20
P4899,66,2530,37
P4900,171,4076,37
P4901,94,2501,32
P4902,97,4513,50
P4903,106,3852,37
P4904,121,341,38
P4905,111,2783,43
P4906,120,2568,39
P4907,155,3547,41
P4908,130,315,33
P4909,181,4381,32
P4910,164,4138,35
P4911,51,4819,47
P4912,157,4883,23
P4913,191,119,21
P4914,191,4589,23
P4915,185,3873,45
P4916,106,53,34
P4917,144,755,31
P4918,61,2128,24
P4919,89,3635,40
P4920,106,628,28
P4921,78,1311,26
P4922,147,2594,44
P4923,75,3438,40
P4924,134,3786,37
P4925,173,3359,21
P4926,50,4263,31
P4927,149,4958,30
P4928,115,2653,25
P4929,136,3053,32
P4930,174,722,32
P4931,87,1378,26
P4932,91,3714,42
P4933,68,743,37
P4934,126,3511,26
P4935,148,1638,33
P4936,152,1253,41
P4937,176,3045,46
P4938,72,2520,29
P4939,53,4885,38
P4940,119,586,32
P4941,180,4328,42
P4942,99,1566,28
P4943,119,3104,48
P4944,81,456,37
P4945,55,2545,28
P4946,148,2061,33
P4947,165,2477,38
P4948,56,46,31
P4949,186,4602,30
P4950,194,4533,28
P4951,111,3612,40
P4952,194,4928,38
P4953,176,154,33
P4954,143,4041,48
P4955,172,4422,40
P4956,94,3513,23
P4957,153,4948,50
P4958,95,2959,23
P4959,187,4996,29
P4960,200,2591,32
P4961,181,4521,23
P4962,59,3937,50
P4963,70,576,49
P4964,185,3290,36
P4965,156,582,30
P4966,125,4857,20
P4967,82,1791,23
P4968,188,3221,36
P4969,72,3210,39
P4970,195,120,44
P4971,144,2668,43
P4972,127,2743,34
P4973,139,3289,28
P4974,118,1898,27
P4975,102,1248,30
P4976,181,3391,46
P4977,106,859,23
P4978,159,4395,46
P4979,99,867,49
P4980,111,235,27
P4981,56,1096,44
P4982,195,2447,45
P4983,160,2859,39
P4984,116,2249,44
P4985,90,918,31
P4986,196,3255,38
P4987,143,3263,44
P4988,123,452,36
P4989,84,1230,35
P4990,73,2550,38
P4991,117,4909,21
P4992,175,1083,39
P4993,154,107,48
P4994,185,4145,46
P4995,180,2515,20
P4996,192,433,27
P4997,187,3232,27
P4998,50,2819,28
P4999,59,1249,22
P5000,53,1294,42
